所学专业名称,毕业学校,前公司,行业名称,简历文本,岗位推荐Top3
其他学科,北京航空航天大学国际经济与贸易专业,宜昌人福药业有限责任公司,制造业,北京航空航天大学国际经济与贸易专业 其他学科 宜昌人福药业有限责任公司 制造业,"['PLM高级产品经理', '高级人力产品经理', '数据科学家']"
其他学科,江汉大学文理学院,五峰土家族自治县渔洋关镇人民政府,公共管理、社会保障和社会组织,江汉大学文理学院 其他学科 五峰土家族自治县渔洋关镇人民政府 公共管理、社会保障和社会组织,"['高级人力产品经理', '网络工程师', 'PLM高级产品经理']"
,宜昌广播电视大学,宜昌海诗特医疗用品有限公司,制造业,宜昌广播电视大学  宜昌海诗特医疗用品有限公司 制造业,"['PLM高级产品经理', '高级人力产品经理', '新媒体主管']"
学前教育,湖北师范大学文理学院,枝江市卫民生态园酒店,住宿和餐饮业,湖北师范大学文理学院 学前教育 枝江市卫民生态园酒店 住宿和餐饮业,"['客户经理', '客服专员', 'PLM高级产品经理']"
其他学科,武汉交通职业技术学院,湖北兴瑞硅材料有限公司,批发和零售业,武汉交通职业技术学院 其他学科 湖北兴瑞硅材料有限公司 批发和零售业,"['PLM高级产品经理', '网络工程师', '一线服务专员']"
其他学科,武汉交通职业学院,宜昌市伍家岗区幸福童年幼儿园,教育,武汉交通职业学院 其他学科 宜昌市伍家岗区幸福童年幼儿园 教育,"['客服专员', '一线服务专员', 'HR专员']"
其他学科,三峡职业技术学院,兴勤（宜昌）电子有限公司,制造业,三峡职业技术学院 其他学科 兴勤（宜昌）电子有限公司 制造业,"['PLM高级产品经理', '网络工程师', '高级人力产品经理']"
临床医学,2022/武汉科技大学/临床医学,枝江市马家店初级中学,教育,2022/武汉科技大学/临床医学 临床医学 枝江市马家店初级中学 教育,"['PLM高级产品经理', '客服专员', '高级人力产品经理']"
其他学科,湖北三峡职业技术学院/2017,湖北鼎级玻璃科技有限公司,制造业,湖北三峡职业技术学院/2017 其他学科 湖北鼎级玻璃科技有限公司 制造业,"['PLM高级产品经理', '高级人力产品经理', '产品经理']"
学前教育,中华女子学院,东城小学,教育,中华女子学院 学前教育 东城小学 教育,"['PLM高级产品经理', '一线服务专员', 'HR专员']"
其他学科,湖北沙洋师范高等专科学校,宜昌晟阳酒类销售有限公司,其他,湖北沙洋师范高等专科学校 其他学科 宜昌晟阳酒类销售有限公司 其他,"['PLM高级产品经理', '高级人力产品经理', '销售经理']"
其他学科,湖北经济学院/2017,枝江市爱肯教育培训学校,教育,湖北经济学院/2017 其他学科 枝江市爱肯教育培训学校 教育,"['HR专员', '一线服务专员', 'PLM高级产品经理']"
其他学科,汉口油田大学,宜昌市铭禹工程管理有限公司,建筑业,汉口油田大学 其他学科 宜昌市铭禹工程管理有限公司 建筑业,"['PLM高级产品经理', '高级人力产品经理', '网络工程师']"
其他学科,酒泉职业技术学院,宜昌东阳光制药有限公司,制造业,酒泉职业技术学院 其他学科 宜昌东阳光制药有限公司 制造业,"['PLM高级产品经理', '高级人力产品经理', '产品经理']"
经济学,湖北经济学院,点军区点军街道梅子溪社区居民委员会,其他未列明国家机构,湖北经济学院 经济学 点军区点军街道梅子溪社区居民委员会 其他未列明国家机构,"['一线服务专员', '法务专员', '会计']"
其他学科,2022/湖北商贸学院/电子商务,湖北鼎级玻璃科技有限公司,制造业,2022/湖北商贸学院/电子商务 其他学科 湖北鼎级玻璃科技有限公司 制造业,"['PLM高级产品经理', '产品经理', '高级人力产品经理']"
临床医学,湖北医药学院,远安县人民医院,卫生和社会工作,湖北医药学院 临床医学 远安县人民医院 卫生和社会工作,"['客服专员', '一线服务专员', '客户经理']"
其他学科,武汉工商学院,宜昌市伍家岗区玛酷机器人经营部,制造业,武汉工商学院 其他学科 宜昌市伍家岗区玛酷机器人经营部 制造业,"['PLM高级产品经理', '高级人力产品经理', '产品经理']"
其他学科,武汉工商学院,宜昌维跃房地产营销策划有限公司,居民服务、修理和其他服务业,武汉工商学院 其他学科 宜昌维跃房地产营销策划有限公司 居民服务、修理和其他服务业,"['一线服务专员', '客服专员', '高级人力产品经理']"
医学检验技术,济宁医学院,夷陵区妇幼保健院,卫生和社会工作,济宁医学院 医学检验技术 夷陵区妇幼保健院 卫生和社会工作,"['一线服务专员', '数据科学家', 'HR专员']"
中药学,武汉生物工程学院,枝江市公路养护应急中心,公共管理、社会保障和社会组织,武汉生物工程学院 中药学 枝江市公路养护应急中心 公共管理、社会保障和社会组织,"['高级人力产品经理', '网络工程师', '一线服务专员']"
经济学类其他专业,三峡大学,宜昌市国鼎商贸有限公司,批发和零售业,三峡大学 经济学类其他专业 宜昌市国鼎商贸有限公司 批发和零售业,"['PLM高级产品经理', '销售经理', '高级人力产品经理']"
其他学科,武汉轻工大学,秭归县茅坪镇人民政府,其他未列明国家机构,武汉轻工大学 其他学科 秭归县茅坪镇人民政府 其他未列明国家机构,"['PLM高级产品经理', '网络工程师', '一线服务专员']"
其他学科,湖北生态工程职业技术学院,宜都市创景风景园林有限公司,农、林、牧、渔业,湖北生态工程职业技术学院 其他学科 宜都市创景风景园林有限公司 农、林、牧、渔业,"['PLM高级产品经理', '高级人力产品经理', '网络工程师']"
其他学科,高校毕业生,宜昌起帆电缆有限公司,制造业,高校毕业生 其他学科 宜昌起帆电缆有限公司 制造业,"['高级人力产品经理', '网络工程师', 'PLM高级产品经理']"
其他学科,华中科技大学武昌分校/2015,宜昌市鑫集悦商贸有限公司,批发和零售业,华中科技大学武昌分校/2015 其他学科 宜昌市鑫集悦商贸有限公司 批发和零售业,"['PLM高级产品经理', '高级人力产品经理', '产品经理']"
计算机科学与技术,湖北商贸学院/2019,中国邮政储蓄银行股份有限公司枝江市支行,金融业,湖北商贸学院/2019 计算机科学与技术 中国邮政储蓄银行股份有限公司枝江市支行 金融业,"['会计', 'PLM高级产品经理', '金融分析师']"
教育学,湖北科技大学,中国邮政集团有限公司湖北省远安县分公司,交通运输、仓储和邮政业,湖北科技大学 教育学 中国邮政集团有限公司湖北省远安县分公司 交通运输、仓储和邮政业,"['客服专员', '高级人力产品经理', 'PLM高级产品经理']"
其他学科,三峡大学,宜昌诚凯化工科技有限公司,制造业,三峡大学 其他学科 宜昌诚凯化工科技有限公司 制造业,"['PLM高级产品经理', '网络工程师', '高级人力产品经理']"
工商管理,北京市委党校,宜昌辉盈人力资源有限责任公司,居民服务、修理和其他服务业,北京市委党校 工商管理 宜昌辉盈人力资源有限责任公司 居民服务、修理和其他服务业,"['一线服务专员', '客服专员', '高级人力产品经理']"
船舶工程,武汉理工大学,枝江江瑞船务有限责任公司,制造业,武汉理工大学 船舶工程 枝江江瑞船务有限责任公司 制造业,"['PLM高级产品经理', '高级人力产品经理', '网络工程师']"
医学,襄阳职业技术学院,三峡医学检验实验室（湖北）有限公司,科学研究和技术服务业,襄阳职业技术学院 医学 三峡医学检验实验室（湖北）有限公司 科学研究和技术服务业,"['PLM高级产品经理', '高级人力产品经理', '客服专员']"
教育学,云南师范大学商学院,五峰土家族自治县乡村振兴局,公共管理、社会保障和社会组织,云南师范大学商学院 教育学 五峰土家族自治县乡村振兴局 公共管理、社会保障和社会组织,"['高级人力产品经理', '新媒体主管', '销售经理']"
工学,西安科技大学,武汉前锦众程人力资源有限公司宜昌分公司,人力资源服务,西安科技大学 工学 武汉前锦众程人力资源有限公司宜昌分公司 人力资源服务,"['高级人力产品经理', '客户经理', '客服专员']"
模具设计与制造,湖北工业大学工程技术学院,宜昌恒友化工股份有限公司,制造业,湖北工业大学工程技术学院 模具设计与制造 宜昌恒友化工股份有限公司 制造业,"['PLM高级产品经理', '网络工程师', '电机结构工程师']"
法学,武汉高校,湖北中民建筑工程有限公司枝江分公司,居民服务、修理和其他服务业,武汉高校 法学 湖北中民建筑工程有限公司枝江分公司 居民服务、修理和其他服务业,"['客服专员', '一线服务专员', '高级人力产品经理']"
科技信息与管理类,三峡职业技术学院,湖北熙田科技有限公司,制造业,三峡职业技术学院 科技信息与管理类 湖北熙田科技有限公司 制造业,"['PLM高级产品经理', '高级人力产品经理', '网络工程师']"
临床医学,湖北中医药高等专科学校,宜昌市鑫阳人力资源服务有限公司,居民服务、修理和其他服务业,湖北中医药高等专科学校 临床医学 宜昌市鑫阳人力资源服务有限公司 居民服务、修理和其他服务业,"['客服专员', '一线服务专员', '客户经理']"
管理类,上海视觉艺术学院/2018,湖北枝江农村商业银行股份有限公司,金融业,上海视觉艺术学院/2018 管理类 湖北枝江农村商业银行股份有限公司 金融业,"['金融分析师', '会计', 'PLM高级产品经理']"
药品生物技术,湖北生物科技职业学院,奥美医疗用品股份有限公司,制造业,湖北生物科技职业学院 药品生物技术 奥美医疗用品股份有限公司 制造业,"['PLM高级产品经理', '高级人力产品经理', '产品经理']"
计算机科学与技术,湖北第二师范学院,远安县政务服务和大数据管理局,公共管理、社会保障和社会组织,湖北第二师范学院 计算机科学与技术 远安县政务服务和大数据管理局 公共管理、社会保障和社会组织,"['数据科学家', '一线服务专员', '网络工程师']"
其他学科,湖北三峡职业技术学院/2017,宜昌米萌科技有限公司,居民服务、修理和其他服务业,湖北三峡职业技术学院/2017 其他学科 宜昌米萌科技有限公司 居民服务、修理和其他服务业,"['一线服务专员', '客服专员', '高级人力产品经理']"
其他学科,其他,上海外服（武汉）人力资源服务有限公司宜昌分公司,租赁和商务服务业,其他 其他学科 上海外服（武汉）人力资源服务有限公司宜昌分公司 租赁和商务服务业,"['一线服务专员', '客户经理', '客服专员']"
其他学科,湖北交通职业技术学院,天元（宜昌）新材料科技有限公司,制造业,湖北交通职业技术学院 其他学科 天元（宜昌）新材料科技有限公司 制造业,"['PLM高级产品经理', '网络工程师', '高级人力产品经理']"
管理类,湛江师范学院,宜昌冠力成电子科技有限公司,制造业,湛江师范学院 管理类 宜昌冠力成电子科技有限公司 制造业,"['PLM高级产品经理', '高级人力产品经理', '网络工程师']"
其他学科,其他,宜都市姚家店镇网格管理中心,公共管理、社会保障和社会组织,其他 其他学科 宜都市姚家店镇网格管理中心 公共管理、社会保障和社会组织,"['一线服务专员', '新媒体主管', '客服专员']"
其他学科,湖北经济学院法商学院,点军区桥边镇人民政府,其他未列明国家机构,湖北经济学院法商学院 其他学科 点军区桥边镇人民政府 其他未列明国家机构,"['法务专员', '一线服务专员', '会计']"
其他学科,武汉交通职业学院,宜昌楚能新能源创新科技有限公司,科学研究和技术服务业,武汉交通职业学院 其他学科 宜昌楚能新能源创新科技有限公司 科学研究和技术服务业,"['网络工程师', 'PLM高级产品经理', '高级人力产品经理']"
其他学科,湖北汽车工业学院,当阳市成功教育培训学校有限公司,其他,湖北汽车工业学院 其他学科 当阳市成功教育培训学校有限公司 其他,"['网络工程师', 'PLM高级产品经理', '高级人力产品经理']"
其他学科,湖北生物科技职业学院,五峰众博劳务派遣服务有限公司,居民服务、修理和其他服务业,湖北生物科技职业学院 其他学科 五峰众博劳务派遣服务有限公司 居民服务、修理和其他服务业,"['一线服务专员', '网络工程师', 'PLM高级产品经理']"
工商管理类,武汉工业学院,宜昌新博农牧有限公司,批发和零售业,武汉工业学院 工商管理类 宜昌新博农牧有限公司 批发和零售业,"['高级人力产品经理', 'PLM高级产品经理', '销售经理']"
其他学科,三峡大学科技学院,宜昌中燃城市燃气发展有限公司,电力、热力、燃气及水生产和供应业,三峡大学科技学院 其他学科 宜昌中燃城市燃气发展有限公司 电力、热力、燃气及水生产和供应业,"['网络工程师', '电机结构工程师', 'PLM高级产品经理']"
外国语言文学类,湖北省宜昌市三峡职业技术学院,宜都家合润商业有限公司,批发和零售业,湖北省宜昌市三峡职业技术学院 外国语言文学类 宜都家合润商业有限公司 批发和零售业,"['PLM高级产品经理', '高级人力产品经理', '销售经理']"
体育教育,西昌学院,宜昌市西陵区教育局,教育,西昌学院 体育教育 宜昌市西陵区教育局 教育,"['销售经理', '高级人力产品经理', 'PLM高级产品经理']"
其他学科,广西科技大学鹿山学院/2016,枝江汉银村镇银行股份有限公司,金融业,广西科技大学鹿山学院/2016 其他学科 枝江汉银村镇银行股份有限公司 金融业,"['金融分析师', '会计', 'PLM高级产品经理']"
经济学,浙江理工大学,湖北维达通科技有限公司宜昌分公司,信息传输、软件和信息技术服务业,浙江理工大学 经济学 湖北维达通科技有限公司宜昌分公司 信息传输、软件和信息技术服务业,"['PLM高级产品经理', '网络工程师', '客服专员']"
,江西大宇职业技术学院,宜昌市新世纪职业培训学校,教育,江西大宇职业技术学院  宜昌市新世纪职业培训学校 教育,"['高级人力产品经理', 'PLM高级产品经理', 'HR专员']"
其他学科,中国地质大学江城学院/2016,枝江市不动产登记中心,其他未列明国家机构,中国地质大学江城学院/2016 其他学科 枝江市不动产登记中心 其他未列明国家机构,"['网络工程师', '数据科学家', 'PLM高级产品经理']"
其他学科,三峡大学,安琪酵母股份有限公司,制造业,三峡大学 其他学科 安琪酵母股份有限公司 制造业,"['产品经理', 'PLM高级产品经理', '高级人力产品经理']"
工程造价,武汉职业技术学院,宜昌宜岳建设有限公司,建筑业,武汉职业技术学院 工程造价 宜昌宜岳建设有限公司 建筑业,"['高级人力产品经理', 'PLM高级产品经理', '销售经理']"
材料科学类,湖北理工学院,宜昌市伍家岗区新未来教育培训学校有限公司,教育,湖北理工学院 材料科学类 宜昌市伍家岗区新未来教育培训学校有限公司 教育,"['PLM高级产品经理', '高级人力产品经理', '电机结构工程师']"
英语教育,黄冈师范学院,宜昌市状元智学教育培训学校有限公司伍家分校,教育,黄冈师范学院 英语教育 宜昌市状元智学教育培训学校有限公司伍家分校 教育,"['客服专员', 'PLM高级产品经理', '高级人力产品经理']"
药学,湖北生物科技职业学院,奥美医疗用品股份有限公司,制造业,湖北生物科技职业学院 药学 奥美医疗用品股份有限公司 制造业,"['PLM高级产品经理', '高级人力产品经理', '产品经理']"
工程造价,长江工程职业技术学院,枝江市兴娅人力资源开发有限公司,其他人力资源服务,长江工程职业技术学院 工程造价 枝江市兴娅人力资源开发有限公司 其他人力资源服务,"['高级人力产品经理', 'PLM高级产品经理', '一线服务专员']"
其他学科,仙桃职业学院/2019,湖北甘宁石化新材料股份有限公司,制造业,仙桃职业学院/2019 其他学科 湖北甘宁石化新材料股份有限公司 制造业,"['PLM高级产品经理', '高级人力产品经理', '产品经理']"
药学,湖北理工学院,湖北民康制药有限公司,制造业,湖北理工学院 药学 湖北民康制药有限公司 制造业,"['PLM高级产品经理', '高级人力产品经理', '销售经理']"
其他学科,湖南科技经贸职业学院,宜昌人福药业有限责任公司,制造业,湖南科技经贸职业学院 其他学科 宜昌人福药业有限责任公司 制造业,"['PLM高级产品经理', '高级人力产品经理', '网络工程师']"
其他学科,湖北广播电视大学,宜昌宜跃机械设备有限公司,制造业,湖北广播电视大学 其他学科 宜昌宜跃机械设备有限公司 制造业,"['PLM高级产品经理', '网络工程师', '高级人力产品经理']"
其他学科,湖北科技职业学院/2015,湖北西芹文化传媒有限公司,其他,湖北科技职业学院/2015 其他学科 湖北西芹文化传媒有限公司 其他,"['新媒体主管', '高级人力产品经理', 'PLM高级产品经理']"
其他学科,武汉金融高等专科学校,枝江市公安局,公共管理、社会保障和社会组织,武汉金融高等专科学校 其他学科 枝江市公安局 公共管理、社会保障和社会组织,"['会计', '一线服务专员', '高级人力产品经理']"
其他学科,湖北三峡职业技术学院,湖北兴福电子材料有限公司,制造业,湖北三峡职业技术学院 其他学科 湖北兴福电子材料有限公司 制造业,"['PLM高级产品经理', '高级人力产品经理', '网络工程师']"
计算机通信,湖北三峡职业技术学院,远安县迅达矿山救护队,其他未列明国家机构,湖北三峡职业技术学院 计算机通信 远安县迅达矿山救护队 其他未列明国家机构,"['网络工程师', '数据科学家', '一线服务专员']"
,其他,宜昌德精电气设备有限公司,制造业,其他  宜昌德精电气设备有限公司 制造业,"['电机结构工程师', 'PLM高级产品经理', '网络工程师']"
发电厂及电力系统,三峡电力职业学院,湖北环宇人力资源有限公司,居民服务、修理和其他服务业,三峡电力职业学院 发电厂及电力系统 湖北环宇人力资源有限公司 居民服务、修理和其他服务业,"['一线服务专员', '网络工程师', '高级人力产品经理']"
教育学类,汉江师范学院,湖北醉三峡电子商务有限公司,批发和零售业,汉江师范学院 教育学类 湖北醉三峡电子商务有限公司 批发和零售业,"['PLM高级产品经理', '高级人力产品经理', '销售经理']"
其他学科,湖北财税职业学院,秭归县归州镇四友果业,其他,湖北财税职业学院 其他学科 秭归县归州镇四友果业 其他,"['一线服务专员', '法务专员', '会计']"
其他学科,三峡旅游职业技术学院/2018,湖北兴瑞硅材料有限公司,批发和零售业,三峡旅游职业技术学院/2018 其他学科 湖北兴瑞硅材料有限公司 批发和零售业,"['PLM高级产品经理', '网络工程师', '产品经理']"
体育学类,长江大学,宜昌英杰学校,教育,长江大学 体育学类 宜昌英杰学校 教育,"['销售经理', '高级人力产品经理', 'PLM高级产品经理']"
其他学科,黄冈职业技术学院/2019,奥美医疗用品股份有限公司,制造业,黄冈职业技术学院/2019 其他学科 奥美医疗用品股份有限公司 制造业,"['PLM高级产品经理', '高级人力产品经理', '产品经理']"
其他学科,武汉交通职业学院,枝江市百里洲镇人力资源和社会保障服务中心,公共管理、社会保障和社会组织,武汉交通职业学院 其他学科 枝江市百里洲镇人力资源和社会保障服务中心 公共管理、社会保障和社会组织,"['一线服务专员', 'HR专员', '客服专员']"
工商管理类,长江职业学院,枝江市天美生鲜配送有限公司,居民服务、修理和其他服务业,长江职业学院 工商管理类 枝江市天美生鲜配送有限公司 居民服务、修理和其他服务业,"['高级人力产品经理', '一线服务专员', '客服专员']"
土建类,湖北工业大学,宜昌南玻硅材料有限公司,制造业,湖北工业大学 土建类 宜昌南玻硅材料有限公司 制造业,"['PLM高级产品经理', '网络工程师', '高级人力产品经理']"
其他学科,武汉交通职业学院,宜昌纵购建材商贸有限公司,居民服务、修理和其他服务业,武汉交通职业学院 其他学科 宜昌纵购建材商贸有限公司 居民服务、修理和其他服务业,"['一线服务专员', '高级人力产品经理', '网络工程师']"
机械制造与自动化,大连理工大学,宜昌恒友化工股份有限公司,制造业,大连理工大学 机械制造与自动化 宜昌恒友化工股份有限公司 制造业,"['PLM高级产品经理', '高级人力产品经理', '网络工程师']"
其他学科,重庆涪陵中学,宜昌市东明电气有限责任公司,制造业,重庆涪陵中学 其他学科 宜昌市东明电气有限责任公司 制造业,"['PLM高级产品经理', '网络工程师', '高级人力产品经理']"
医学,湖北医药学院,宜昌人福药业有限责任公司,制造业,湖北医药学院 医学 宜昌人福药业有限责任公司 制造业,"['PLM高级产品经理', '高级人力产品经理', '产品经理']"
学前教育,三峡旅游职业技术学院,五峰众博劳务派遣服务有限公司,居民服务、修理和其他服务业,三峡旅游职业技术学院 学前教育 五峰众博劳务派遣服务有限公司 居民服务、修理和其他服务业,"['高级人力产品经理', '一线服务专员', '客服专员']"
其他学科,湖北工业大学,湖北兴福电子材料有限公司,制造业,湖北工业大学 其他学科 湖北兴福电子材料有限公司 制造业,"['PLM高级产品经理', '高级人力产品经理', '销售经理']"
应用物理学,重庆大学,宜昌市夷陵区实验初级中学,居民服务、修理和其他服务业,重庆大学 应用物理学 宜昌市夷陵区实验初级中学 居民服务、修理和其他服务业,"['网络工程师', '客服专员', '一线服务专员']"
其他学科,长江职业学院,宜昌荣岷建筑工程有限公司,建筑业,长江职业学院 其他学科 宜昌荣岷建筑工程有限公司 建筑业,"['电机结构工程师', '网络工程师', 'PLM高级产品经理']"
其他学科,新疆艺术学院广播电视编导专业,宜昌汉海汽车销售有限公司,批发和零售业,新疆艺术学院广播电视编导专业 其他学科 宜昌汉海汽车销售有限公司 批发和零售业,"['新媒体主管', 'PLM高级产品经理', '销售经理']"
通信工程,中南民族大学,东城小学,教育,中南民族大学 通信工程 东城小学 教育,"['客服专员', '网络工程师', '一线服务专员']"
其他学科,荆州职业技术学院,湖北兴福电子材料有限公司,制造业,荆州职业技术学院 其他学科 湖北兴福电子材料有限公司 制造业,"['网络工程师', 'PLM高级产品经理', '高级人力产品经理']"
其他学科,湖北大学/2019,枝江市经济信息化和商务局,居民服务、修理和其他服务业,湖北大学/2019 其他学科 枝江市经济信息化和商务局 居民服务、修理和其他服务业,"['一线服务专员', '客服专员', 'PLM高级产品经理']"
,兴山县职教中心,湖北兴瑞硅材料有限公司,批发和零售业,兴山县职教中心  湖北兴瑞硅材料有限公司 批发和零售业,"['PLM高级产品经理', '高级人力产品经理', '产品经理']"
其他学科,三峡职业技术学院,远安县中医医院,卫生和社会工作,三峡职业技术学院 其他学科 远安县中医医院 卫生和社会工作,"['一线服务专员', '网络工程师', 'HR专员']"
其他学科,湖北三峡职业技术学院,湖北银河之星人力资源有限公司,其他,湖北三峡职业技术学院 其他学科 湖北银河之星人力资源有限公司 其他,"['PLM高级产品经理', '一线服务专员', '网络工程师']"
临床医学,湖北三峡职业技术学院/2019,枝江市人民医院,卫生和社会工作,湖北三峡职业技术学院/2019 临床医学 枝江市人民医院 卫生和社会工作,"['PLM高级产品经理', '客服专员', '高级人力产品经理']"
工商管理类,湖北大学,湖北民康制药有限公司,制造业,湖北大学 工商管理类 湖北民康制药有限公司 制造业,"['高级人力产品经理', 'PLM高级产品经理', '销售经理']"
理学,武汉工程大学,宜昌人福药业有限责任公司,制造业,武汉工程大学 理学 宜昌人福药业有限责任公司 制造业,"['高级人力产品经理', 'PLM高级产品经理', '产品经理']"
电子信息工程,文华学院,中国农业银行股份有限公司三峡宜昌支行,居民服务、修理和其他服务业,文华学院 电子信息工程 中国农业银行股份有限公司三峡宜昌支行 居民服务、修理和其他服务业,"['客服专员', '网络工程师', 'PLM高级产品经理']"
其他学科,武汉城市职业学院,湖北宜顺房地产发展有限公司,房地产业,武汉城市职业学院 其他学科 湖北宜顺房地产发展有限公司 房地产业,"['PLM高级产品经理', '高级人力产品经理', '销售经理']"
城市轨道交通机电技术,湖北交通职业技术学院,湖北稻花香酒业股份有限公司,制造业,湖北交通职业技术学院 城市轨道交通机电技术 湖北稻花香酒业股份有限公司 制造业,"['PLM高级产品经理', '网络工程师', '高级人力产品经理']"
其他学科,华中科技大学武昌分校/2015,奥美医疗用品股份有限公司,制造业,华中科技大学武昌分校/2015 其他学科 奥美医疗用品股份有限公司 制造业,"['PLM高级产品经理', '高级人力产品经理', '网络工程师']"
会计,湖北开放职业学院,宜昌市夷陵区永财油站管理有限公司,租赁和商务服务业,湖北开放职业学院 会计 宜昌市夷陵区永财油站管理有限公司 租赁和商务服务业,"['一线服务专员', 'PLM高级产品经理', '会计']"
其他学科,湖北广播电视大学,宜昌市汇众社会公益促进中心,居民服务、修理和其他服务业,湖北广播电视大学 其他学科 宜昌市汇众社会公益促进中心 居民服务、修理和其他服务业,"['客服专员', '新媒体主管', '一线服务专员']"
机械类其他专业,2020/武汉纺织大学/机械设计制造及其自动化,枝江市农业农村局,农、林、牧、渔业,2020/武汉纺织大学/机械设计制造及其自动化 机械类其他专业 枝江市农业农村局 农、林、牧、渔业,"['PLM高级产品经理', '电机结构工程师', '网络工程师']"
其他学科,武汉软件工程职业学院,河北中兴汽车制造有限公司宜昌分公司,制造业,武汉软件工程职业学院 其他学科 河北中兴汽车制造有限公司宜昌分公司 制造业,"['PLM高级产品经理', '高级人力产品经理', '网络工程师']"
其他学科,大学,宜昌金方法培训学校有限公司,教育,大学 其他学科 宜昌金方法培训学校有限公司 教育,"['PLM高级产品经理', '高级人力产品经理', '销售经理']"
050416,武汉职业技术学院,湖北华盛人力资源有限公司宜昌分公司,人力资源服务,武汉职业技术学院 050416 湖北华盛人力资源有限公司宜昌分公司 人力资源服务,"['高级人力产品经理', '客服专员', '客户经理']"
艺术设计,长江职业学院,上海外服（武汉）人力资源服务有限公司宜昌分公司,租赁和商务服务业,长江职业学院 艺术设计 上海外服（武汉）人力资源服务有限公司宜昌分公司 租赁和商务服务业,"['PLM高级产品经理', '高级人力产品经理', '销售经理']"
,武汉软件工程职业学院,宜昌东阳光长江药业股份有限公司,制造业,武汉软件工程职业学院  宜昌东阳光长江药业股份有限公司 制造业,"['PLM高级产品经理', '高级人力产品经理', '产品经理']"
英语,黄冈师范学院,东城小学,教育,黄冈师范学院 英语 东城小学 教育,"['客服专员', '一线服务专员', 'PLM高级产品经理']"
,其他,湖北宏宸注册安全工程师事务所有限公司,租赁和商务服务业,其他  湖北宏宸注册安全工程师事务所有限公司 租赁和商务服务业,"['网络工程师', '一线服务专员', '法务专员']"
其他学科,武汉船舶职业技术学院,湖北金力新能源有限公司,制造业,武汉船舶职业技术学院 其他学科 湖北金力新能源有限公司 制造业,"['高级人力产品经理', 'PLM高级产品经理', '销售经理']"
教育学,湖北教育学院,湖北省地质局水文地质工程地质大队,其他未列明国家机构,湖北教育学院 教育学 湖北省地质局水文地质工程地质大队 其他未列明国家机构,"['网络工程师', 'PLM高级产品经理', '数据科学家']"
其他学科,中南民族大学工商学院,枝江市职业教育中心,教育,中南民族大学工商学院 其他学科 枝江市职业教育中心 教育,"['一线服务专员', '法务专员', 'PLM高级产品经理']"
其他学科,湖北工业工程技术学院,湖北银行股份有限公司宜昌分行,金融业,湖北工业工程技术学院 其他学科 湖北银行股份有限公司宜昌分行 金融业,"['网络工程师', '会计', 'PLM高级产品经理']"
建筑工程,湖北民族学院科技学院,宜昌宜坤建设有限公司,建筑业,湖北民族学院科技学院 建筑工程 宜昌宜坤建设有限公司 建筑业,"['PLM高级产品经理', '网络工程师', '电机结构工程师']"
其他学科,武汉科技大学,五峰土家族自治县公安局,公共管理、社会保障和社会组织,武汉科技大学 其他学科 五峰土家族自治县公安局 公共管理、社会保障和社会组织,"['高级人力产品经理', '网络工程师', '新媒体主管']"
运动训练,华中师范大学,宜昌市夷陵区东城城乡统筹发展试验区鄢家河小学,教育,华中师范大学 运动训练 宜昌市夷陵区东城城乡统筹发展试验区鄢家河小学 教育,"['销售经理', '高级人力产品经理', 'PLM高级产品经理']"
,其他,宜都市天力劳动和社会保险服务有限公司,居民服务、修理和其他服务业,其他  宜都市天力劳动和社会保险服务有限公司 居民服务、修理和其他服务业,"['一线服务专员', '客服专员', '网络工程师']"
口腔医学类,湖北医药学院,夷陵区妇幼保健院,卫生和社会工作,湖北医药学院 口腔医学类 夷陵区妇幼保健院 卫生和社会工作,"['客服专员', '一线服务专员', 'PLM高级产品经理']"
计算机应用技术,湖北大学知行学院,枝江盟众商业管理有限公司,租赁和商务服务业,湖北大学知行学院 计算机应用技术 枝江盟众商业管理有限公司 租赁和商务服务业,"['PLM高级产品经理', '高级人力产品经理', '客户经理']"
投资经济管理,广东海洋大学,远安县实验小学,教育,广东海洋大学 投资经济管理 远安县实验小学 教育,"['金融分析师', '会计', '一线服务专员']"
其他学科,其他,宜昌联盛高科机械设备制造有限公司,制造业,其他 其他学科 宜昌联盛高科机械设备制造有限公司 制造业,"['PLM高级产品经理', '网络工程师', '高级人力产品经理']"
其他学科,广西科技大学鹿山学院,枝江市宏鑫建设有限公司,建筑业,广西科技大学鹿山学院 其他学科 枝江市宏鑫建设有限公司 建筑业,"['网络工程师', 'PLM高级产品经理', '高级人力产品经理']"
,其他,湖北兴瑞硅材料有限公司,批发和零售业,其他  湖北兴瑞硅材料有限公司 批发和零售业,"['PLM高级产品经理', '网络工程师', '产品经理']"
护理学类,黄冈职业技术学院/2019,枝江张氏骨科医院有限公司,卫生和社会工作,黄冈职业技术学院/2019 护理学类 枝江张氏骨科医院有限公司 卫生和社会工作,"['高级人力产品经理', '客服专员', 'PLM高级产品经理']"
经济学类,中南财大武汉学院,枝江市港清水务有限公司,其他未列明国家机构,中南财大武汉学院 经济学类 枝江市港清水务有限公司 其他未列明国家机构,"['PLM高级产品经理', '一线服务专员', '高级人力产品经理']"
理学,湖北文理学院理工学院,上海外服（武汉）人力资源服务有限公司宜昌分公司,租赁和商务服务业,湖北文理学院理工学院 理学 上海外服（武汉）人力资源服务有限公司宜昌分公司 租赁和商务服务业,"['一线服务专员', 'PLM高级产品经理', '高级人力产品经理']"
其他学科,湖北三峡职业技术学院,宜昌市西陵区适美口腔门诊,卫生和社会工作,湖北三峡职业技术学院 其他学科 宜昌市西陵区适美口腔门诊 卫生和社会工作,"['客服专员', '一线服务专员', 'PLM高级产品经理']"
动物生产与兽医类,武汉轻工大学,宜昌市夷陵区小溪塔畜牧兽医服务中心,其他未列明国家机构,武汉轻工大学 动物生产与兽医类 宜昌市夷陵区小溪塔畜牧兽医服务中心 其他未列明国家机构,"['一线服务专员', '客服专员', '高级人力产品经理']"
其他学科,武汉生物工程学院,宜昌枝江小丝广告文化传播有限公司,批发和零售业,武汉生物工程学院 其他学科 宜昌枝江小丝广告文化传播有限公司 批发和零售业,"['PLM高级产品经理', '产品经理', '高级人力产品经理']"
车辆工程,武汉商学院,广汽乘用车有限公司宜昌分公司,制造业,武汉商学院 车辆工程 广汽乘用车有限公司宜昌分公司 制造业,"['PLM高级产品经理', '高级人力产品经理', '产品经理']"
其他学科,湖北财税职业学院,学无境教育,其他,湖北财税职业学院 其他学科 学无境教育 其他,"['会计', '一线服务专员', '法务专员']"
其他学科,华中科技大学武昌分校,宜昌宏图纸业有限公司,制造业,华中科技大学武昌分校 其他学科 宜昌宏图纸业有限公司 制造业,"['网络工程师', 'PLM高级产品经理', '高级人力产品经理']"
环境类,三峡电力职业学院,湖北德点文化传播有限责任公司,租赁和商务服务业,三峡电力职业学院 环境类 湖北德点文化传播有限责任公司 租赁和商务服务业,"['一线服务专员', 'PLM高级产品经理', '网络工程师']"
其他学科,其他,宜昌天诚安家科技有限责任公司,科学研究和技术服务业,其他 其他学科 宜昌天诚安家科技有限责任公司 科学研究和技术服务业,"['网络工程师', '数据科学家', 'PLM高级产品经理']"
教育学类,湖北三峡职业技术学院/2018,湖北脑力波教育咨询有限公司,教育,湖北三峡职业技术学院/2018 教育学类 湖北脑力波教育咨询有限公司 教育,"['高级人力产品经理', '新媒体主管', 'PLM高级产品经理']"
工商管理类,东华理工大学,湖北宜琳机电有限公司,制造业,东华理工大学 工商管理类 湖北宜琳机电有限公司 制造业,"['PLM高级产品经理', '高级人力产品经理', '产品经理']"
,三峡大学,远安县旧县镇旧县社区居民委员会,居民服务、修理和其他服务业,三峡大学  远安县旧县镇旧县社区居民委员会 居民服务、修理和其他服务业,"['客服专员', '一线服务专员', '客户经理']"
其他学科,湖北三峡职业技术学院/2014,湖北三宁化工股份有限公司,肥料制造,湖北三峡职业技术学院/2014 其他学科 湖北三宁化工股份有限公司 肥料制造,"['PLM高级产品经理', '高级人力产品经理', '产品经理']"
会计学,武汉工程科技学院,湖北民康制药有限公司,制造业,武汉工程科技学院 会计学 湖北民康制药有限公司 制造业,"['高级人力产品经理', 'PLM高级产品经理', '销售经理']"
,电力职业技术学院,上海外服（武汉）人力资源服务有限公司,租赁和商务服务业,电力职业技术学院  上海外服（武汉）人力资源服务有限公司 租赁和商务服务业,"['一线服务专员', '高级人力产品经理', 'PLM高级产品经理']"
其他学科,大学本科,湖北元之洲建筑装饰工程有限公司,建筑业,大学本科 其他学科 湖北元之洲建筑装饰工程有限公司 建筑业,"['网络工程师', 'PLM高级产品经理', '电机结构工程师']"
材料类,长江大学,湖北三宁化工股份有限公司,肥料制造,长江大学 材料类 湖北三宁化工股份有限公司 肥料制造,"['PLM高级产品经理', '高级人力产品经理', '产品经理']"
管理类,16湖北轻工职业技术学院,湖北三宁化工股份有限公司,肥料制造,16湖北轻工职业技术学院 管理类 湖北三宁化工股份有限公司 肥料制造,"['PLM高级产品经理', '高级人力产品经理', '产品经理']"
其他学科,浙江绍兴文理学院,宜昌恒友化工股份有限公司,制造业,浙江绍兴文理学院 其他学科 宜昌恒友化工股份有限公司 制造业,"['PLM高级产品经理', '高级人力产品经理', '网络工程师']"
统计学,湖北经济学院,东城小学,教育,湖北经济学院 统计学 东城小学 教育,"['市场分析师', '会计', '数据科学家']"
工商管理类,海南大学,宜昌实得人力资源服务有限公司,人力资源服务,海南大学 工商管理类 宜昌实得人力资源服务有限公司 人力资源服务,"['高级人力产品经理', 'PLM高级产品经理', '客服专员']"
其他学科,2011.06甘肃中医学院国际经济与贸易专业,宜昌市夷陵区综合行政执法指挥中心,公共管理、社会保障和社会组织,2011.06甘肃中医学院国际经济与贸易专业 其他学科 宜昌市夷陵区综合行政执法指挥中心 公共管理、社会保障和社会组织,"['高级人力产品经理', '一线服务专员', '法务专员']"
其他学科,长江大学/2018,宜昌泽美新材料有限公司,制造业,长江大学/2018 其他学科 宜昌泽美新材料有限公司 制造业,"['PLM高级产品经理', '高级人力产品经理', '产品经理']"
会计学,武汉工商学院,枝江汉银村镇银行股份有限公司,金融业,武汉工商学院 会计学 枝江汉银村镇银行股份有限公司 金融业,"['会计', '金融分析师', '高级人力产品经理']"
文学,长江大学,宜昌楚能新能源创新科技有限公司,科学研究和技术服务业,长江大学 文学 宜昌楚能新能源创新科技有限公司 科学研究和技术服务业,"['PLM高级产品经理', '网络工程师', '高级人力产品经理']"
信息与电子科学类,华中师范大学,宜昌南玻硅材料有限公司,制造业,华中师范大学 信息与电子科学类 宜昌南玻硅材料有限公司 制造业,"['网络工程师', 'PLM高级产品经理', '高级人力产品经理']"
工商管理类,三峡大学科技学院,湖北金三峡印务有限公司,制造业,三峡大学科技学院 工商管理类 湖北金三峡印务有限公司 制造业,"['PLM高级产品经理', '高级人力产品经理', '产品经理']"
其他学科,10荆州职业技术学院,宜昌国诚涂镀板有限公司,制造业,10荆州职业技术学院 其他学科 宜昌国诚涂镀板有限公司 制造业,"['网络工程师', 'PLM高级产品经理', '高级人力产品经理']"
其他学科,武汉理工大学,湖北好代账企业管理咨询有限公司,居民服务、修理和其他服务业,武汉理工大学 其他学科 湖北好代账企业管理咨询有限公司 居民服务、修理和其他服务业,"['一线服务专员', '客服专员', '高级人力产品经理']"
其他学科,三峡大学科技学院,宜昌市西陵区涂媛媛琴行,教育,三峡大学科技学院 其他学科 宜昌市西陵区涂媛媛琴行 教育,"['网络工程师', 'PLM高级产品经理', '高级人力产品经理']"
其他学科,其他,宜都市天力劳动和社会保险服务有限公司,居民服务、修理和其他服务业,其他 其他学科 宜都市天力劳动和社会保险服务有限公司 居民服务、修理和其他服务业,"['一线服务专员', '客服专员', '网络工程师']"
会计学,三峡大学,宜昌优居社区服务有限公司,居民服务、修理和其他服务业,三峡大学 会计学 宜昌优居社区服务有限公司 居民服务、修理和其他服务业,"['一线服务专员', '客服专员', '高级人力产品经理']"
英语,东湖学院,宜昌市夷陵区直属机关幼儿园,教育,东湖学院 英语 宜昌市夷陵区直属机关幼儿园 教育,"['客服专员', '一线服务专员', '网络工程师']"
,湖北学校,福建麦斯特管理咨询有限公司宜昌分公司,租赁和商务服务业,湖北学校  福建麦斯特管理咨询有限公司宜昌分公司 租赁和商务服务业,"['一线服务专员', '客户经理', '销售经理']"
英语,湖北民族学院/2018,宜昌市西陵区教育局,教育,湖北民族学院/2018 英语 宜昌市西陵区教育局 教育,"['客服专员', '一线服务专员', 'PLM高级产品经理']"
其他学科,黄冈科技职业学院,宜都市天力劳动和社会保险服务有限公司,居民服务、修理和其他服务业,黄冈科技职业学院 其他学科 宜都市天力劳动和社会保险服务有限公司 居民服务、修理和其他服务业,"['网络工程师', '一线服务专员', '客服专员']"
国际经济与贸易,湖北工业大学,宜昌市夷陵区东湖小学,教育,湖北工业大学 国际经济与贸易 宜昌市夷陵区东湖小学 教育,"['PLM高级产品经理', '高级人力产品经理', '一线服务专员']"
其他学科,湖北交通职业技术学院,湖北兴瑞硅材料有限公司,批发和零售业,湖北交通职业技术学院 其他学科 湖北兴瑞硅材料有限公司 批发和零售业,"['PLM高级产品经理', '网络工程师', '一线服务专员']"
其他学科,武汉体育学院,湖北兴瑞硅材料有限公司,批发和零售业,武汉体育学院 其他学科 湖北兴瑞硅材料有限公司 批发和零售业,"['PLM高级产品经理', '高级人力产品经理', '网络工程师']"
园艺技术,湖北生态工程职业技术学院,国药集团奥美（湖北）医疗用品有限公司,制造业,湖北生态工程职业技术学院 园艺技术 国药集团奥美（湖北）医疗用品有限公司 制造业,"['高级人力产品经理', 'PLM高级产品经理', '产品经理']"
机械设计及制造,重庆大学城市科技学院,武汉前锦众程人力资源有限公司宜昌分公司,其他未列明国家机构,重庆大学城市科技学院 机械设计及制造 武汉前锦众程人力资源有限公司宜昌分公司 其他未列明国家机构,"['网络工程师', 'PLM高级产品经理', '高级人力产品经理']"
计算机应用技术,湖北三峡职业技术学院,宜昌楚鑫建设有限责任公司,建筑业,湖北三峡职业技术学院 计算机应用技术 宜昌楚鑫建设有限责任公司 建筑业,"['PLM高级产品经理', '高级人力产品经理', '网络工程师']"
会计,三峡大学科技学院,宜昌市伍家岗区联丰村公益性岗位专户,其他未列明国家机构,三峡大学科技学院 会计 宜昌市伍家岗区联丰村公益性岗位专户 其他未列明国家机构,"['高级人力产品经理', '网络工程师', 'PLM高级产品经理']"
汉语言文学,三峡大学,宜昌市第十七中学,教育,三峡大学 汉语言文学 宜昌市第十七中学 教育,"['客服专员', 'PLM高级产品经理', '数据科学家']"
,其他,宜都家合润商业有限公司,批发和零售业,其他  宜都家合润商业有限公司 批发和零售业,"['产品经理', '销售经理', 'PLM高级产品经理']"
,其他,宜昌东阳光长江药业股份有限公司,制造业,其他  宜昌东阳光长江药业股份有限公司 制造业,"['PLM高级产品经理', '产品经理', '销售经理']"
其他学科,武汉警官职业学院/2019,枝江市公安局,公共管理、社会保障和社会组织,武汉警官职业学院/2019 其他学科 枝江市公安局 公共管理、社会保障和社会组织,"['新媒体主管', 'HR专员', '法务专员']"
其他学科,湖北第二师范学院,奥美医疗用品股份有限公司,制造业,湖北第二师范学院 其他学科 奥美医疗用品股份有限公司 制造业,"['PLM高级产品经理', '一线服务专员', '高级人力产品经理']"
知识产权,中南民族大学,秭归县司法局,其他未列明国家机构,中南民族大学 知识产权 秭归县司法局 其他未列明国家机构,"['法务专员', '一线服务专员', '客服专员']"
其他学科,枝江市第二高级中学,枝江市林龙化工商贸有限公司,其他,枝江市第二高级中学 其他学科 枝江市林龙化工商贸有限公司 其他,"['高级人力产品经理', '销售经理', 'PLM高级产品经理']"
人力资源管理,三峡大学,宜昌市夷陵区综合行政执法指挥中心,公共管理、社会保障和社会组织,三峡大学 人力资源管理 宜昌市夷陵区综合行政执法指挥中心 公共管理、社会保障和社会组织,"['高级人力产品经理', '一线服务专员', 'HR专员']"
其他学科,湖北科技学院,宜昌红旗中泰电缆有限公司,其他,湖北科技学院 其他学科 宜昌红旗中泰电缆有限公司 其他,"['网络工程师', 'PLM高级产品经理', '一线服务专员']"
其他学科,长阳县委党校,长阳土家族自治县国土资源局,其他未列明国家机构,长阳县委党校 其他学科 长阳土家族自治县国土资源局 其他未列明国家机构,"['一线服务专员', '法务专员', '高级人力产品经理']"
教育学,三峡大学,宜昌故得新教育培训学校有限公司,教育,三峡大学 教育学 宜昌故得新教育培训学校有限公司 教育,"['高级人力产品经理', 'PLM高级产品经理', '销售经理']"
教育学,华中师范大学传媒学院,宜昌楚派商贸有限公司,批发和零售业,华中师范大学传媒学院 教育学 宜昌楚派商贸有限公司 批发和零售业,"['新媒体主管', 'PLM高级产品经理', '高级人力产品经理']"
,枝江二中,国药集团奥美（湖北）医疗用品有限公司,制造业,枝江二中  国药集团奥美（湖北）医疗用品有限公司 制造业,"['PLM高级产品经理', '高级人力产品经理', '产品经理']"
其他学科,三峡大学,湖北兴瑞硅材料有限公司,批发和零售业,三峡大学 其他学科 湖北兴瑞硅材料有限公司 批发和零售业,"['PLM高级产品经理', '网络工程师', '高级人力产品经理']"
电工类,三峡大学,宜都云来新材料科技有限公司,制造业,三峡大学 电工类 宜都云来新材料科技有限公司 制造业,"['PLM高级产品经理', '网络工程师', '电机结构工程师']"
会计,三峡大学科技学院,宜昌辉盈人力资源有限责任公司,居民服务、修理和其他服务业,三峡大学科技学院 会计 宜昌辉盈人力资源有限责任公司 居民服务、修理和其他服务业,"['客服专员', '高级人力产品经理', '一线服务专员']"
汉语言文学,三峡大学,宜昌市夷陵区实验初级中学,居民服务、修理和其他服务业,三峡大学 汉语言文学 宜昌市夷陵区实验初级中学 居民服务、修理和其他服务业,"['客服专员', '一线服务专员', 'PLM高级产品经理']"
其他学科,武汉工商学院,宜都中恒商贸有限公司,交通运输、仓储和邮政业,武汉工商学院 其他学科 宜都中恒商贸有限公司 交通运输、仓储和邮政业,"['高级人力产品经理', '客服专员', 'PLM高级产品经理']"
其他学科,湖北大学,湖北宜化化工股份有限公司,制造业,湖北大学 其他学科 湖北宜化化工股份有限公司 制造业,"['PLM高级产品经理', '高级人力产品经理', '网络工程师']"
其他学科,山西农业大学,宜都市木马人美术培训基地,教育,山西农业大学 其他学科 宜都市木马人美术培训基地 教育,"['HR专员', '高级人力产品经理', '销售经理']"
护理学类,湖北三峡职业技术学院/2018,枝江市同康妇产医院有限公司,其他,湖北三峡职业技术学院/2018 护理学类 枝江市同康妇产医院有限公司 其他,"['客服专员', '高级人力产品经理', 'PLM高级产品经理']"
其他学科,华中师范大学汉口分校,湖北华盛人力资源有限公司宜昌分公司,其他,华中师范大学汉口分校 其他学科 湖北华盛人力资源有限公司宜昌分公司 其他,"['高级人力产品经理', 'PLM高级产品经理', '客服专员']"
其他学科,湖北民族学院/2017,宜昌市海德外国语培训学校,其他,湖北民族学院/2017 其他学科 宜昌市海德外国语培训学校 其他,"['客服专员', 'PLM高级产品经理', '新媒体主管']"
其他学科,武汉商贸职业学院/2017,枝江英杰学校,教育,武汉商贸职业学院/2017 其他学科 枝江英杰学校 教育,"['高级人力产品经理', 'PLM高级产品经理', '销售经理']"
其他学科,三职机电工程学院,宜昌双胞胎饲料有限公司,批发和零售业,三职机电工程学院 其他学科 宜昌双胞胎饲料有限公司 批发和零售业,"['PLM高级产品经理', '高级人力产品经理', '电机结构工程师']"
经济管理,三峡电力职业学院,宜昌采之林大药房零售连锁有限公司,批发和零售业,三峡电力职业学院 经济管理 宜昌采之林大药房零售连锁有限公司 批发和零售业,"['PLM高级产品经理', '高级人力产品经理', '销售经理']"
护理学类,湖北三峡职业技术学院/2019,枝江张氏骨科医院有限公司,卫生和社会工作,湖北三峡职业技术学院/2019 护理学类 枝江张氏骨科医院有限公司 卫生和社会工作,"['客服专员', '高级人力产品经理', 'PLM高级产品经理']"
其他学科,江西服装学院/2015,湖北丽橙连锁酒店有限公司枝江妙尚广场店,住宿和餐饮业,江西服装学院/2015 其他学科 湖北丽橙连锁酒店有限公司枝江妙尚广场店 住宿和餐饮业,"['客户经理', 'PLM高级产品经理', '高级人力产品经理']"
其他学科,武昌理工学院,湖北博霖建设工程有限公司,建筑业,武昌理工学院 其他学科 湖北博霖建设工程有限公司 建筑业,"['网络工程师', '电机结构工程师', 'PLM高级产品经理']"
其他学科,黄冈科技职业学院/2017,宜昌市华昕职业技能培训学校有限公司,其他,黄冈科技职业学院/2017 其他学科 宜昌市华昕职业技能培训学校有限公司 其他,"['高级人力产品经理', 'PLM高级产品经理', '网络工程师']"
经济学类,湖北民族学院科技学院,湖北兴福电子材料有限公司,制造业,湖北民族学院科技学院 经济学类 湖北兴福电子材料有限公司 制造业,"['高级人力产品经理', 'PLM高级产品经理', '销售经理']"
其他学科,湖北科技学院/2017,湖北三宁化工股份有限公司,肥料制造,湖北科技学院/2017 其他学科 湖北三宁化工股份有限公司 肥料制造,"['PLM高级产品经理', '高级人力产品经理', '产品经理']"
金融,内蒙古科技大学,中国建设银行股份有限公司三峡分行,金融业,内蒙古科技大学 金融 中国建设银行股份有限公司三峡分行 金融业,"['会计', '金融分析师', 'PLM高级产品经理']"
其他学科,十堰职业技术学院,宜昌名灏项目管理有限公司,建筑业,十堰职业技术学院 其他学科 宜昌名灏项目管理有限公司 建筑业,"['网络工程师', 'PLM高级产品经理', '高级人力产品经理']"
其他学科,武汉科技大学城市学院,五峰土家族自治县乡村振兴局,公共管理、社会保障和社会组织,武汉科技大学城市学院 其他学科 五峰土家族自治县乡村振兴局 公共管理、社会保障和社会组织,"['高级人力产品经理', '新媒体主管', '网络工程师']"
其他学科,湖北知行学院2017,华润雪花啤酒（武汉）有限公司宜昌分公司,制造业,湖北知行学院2017 其他学科 华润雪花啤酒（武汉）有限公司宜昌分公司 制造业,"['高级人力产品经理', 'PLM高级产品经理', '产品经理']"
其他学科,长江大学工程技术学院,湖北冠毓新材料科技有限公司,制造业,长江大学工程技术学院 其他学科 湖北冠毓新材料科技有限公司 制造业,"['PLM高级产品经理', '高级人力产品经理', '网络工程师']"
其他学科,其他,宜都市陆城街道社区网格管理综合服务中心,居民服务、修理和其他服务业,其他 其他学科 宜都市陆城街道社区网格管理综合服务中心 居民服务、修理和其他服务业,"['一线服务专员', '客服专员', '网络工程师']"
其他学科,其他,宜都市全方位废旧物资收购有限公司,制造业,其他 其他学科 宜都市全方位废旧物资收购有限公司 制造业,"['会计', 'PLM高级产品经理', '高级人力产品经理']"
法学,三峡大学科技学院,宜昌市伍家岗区爱佳快学教育培训学校有限公司,教育,三峡大学科技学院 法学 宜昌市伍家岗区爱佳快学教育培训学校有限公司 教育,"['高级人力产品经理', '法务专员', '销售经理']"
其他学科,三峡大学,五峰土家族自治县公安局,公共管理、社会保障和社会组织,三峡大学 其他学科 五峰土家族自治县公安局 公共管理、社会保障和社会组织,"['一线服务专员', '法务专员', '网络工程师']"
高分子材料与工程,中北大学,湖北夷陵经济开发区管理委员会,公共管理、社会保障和社会组织,中北大学 高分子材料与工程 湖北夷陵经济开发区管理委员会 公共管理、社会保障和社会组织,"['高级人力产品经理', 'PLM高级产品经理', '一线服务专员']"
其他学科,湖北三峡职业技术学院/2016,湖北欢乐家食品有限公司,制造业,湖北三峡职业技术学院/2016 其他学科 湖北欢乐家食品有限公司 制造业,"['PLM高级产品经理', '高级人力产品经理', '新媒体主管']"
其他学科,西安交大,枝江市海津节能锅炉厂,制造业,西安交大 其他学科 枝江市海津节能锅炉厂 制造业,"['网络工程师', '高级人力产品经理', 'PLM高级产品经理']"
,武汉商学院,枝江英杰学校,教育,武汉商学院  枝江英杰学校 教育,"['高级人力产品经理', '销售经理', 'PLM高级产品经理']"
历史学,武汉大学,宜昌市夷陵区实验初级中学,居民服务、修理和其他服务业,武汉大学 历史学 宜昌市夷陵区实验初级中学 居民服务、修理和其他服务业,"['客服专员', '一线服务专员', '高级人力产品经理']"
其他学科,武汉大学珞珈学院,湖北升思科技股份有限公司,信息传输、软件和信息技术服务业,武汉大学珞珈学院 其他学科 湖北升思科技股份有限公司 信息传输、软件和信息技术服务业,"['网络工程师', 'PLM高级产品经理', '客服专员']"
计算机及应用,三峡旅游职业技术学院,湖北三宁化工股份有限公司,肥料制造,三峡旅游职业技术学院 计算机及应用 湖北三宁化工股份有限公司 肥料制造,"['PLM高级产品经理', '高级人力产品经理', '产品经理']"
,其他,宜昌市晟达保安服务有限公司,居民服务、修理和其他服务业,其他  宜昌市晟达保安服务有限公司 居民服务、修理和其他服务业,"['一线服务专员', '客服专员', '网络工程师']"
艺术类(一),三峡职业技术学院,湖北宏达安劳务工程有限公司,居民服务、修理和其他服务业,三峡职业技术学院 艺术类(一) 湖北宏达安劳务工程有限公司 居民服务、修理和其他服务业,"['高级人力产品经理', '一线服务专员', 'PLM高级产品经理']"
其他学科,武汉东湖学院,宜昌市伍家岗区铭祺教育培训学校有限公司,居民服务、修理和其他服务业,武汉东湖学院 其他学科 宜昌市伍家岗区铭祺教育培训学校有限公司 居民服务、修理和其他服务业,"['一线服务专员', '客服专员', '高级人力产品经理']"
中国语言文学类,武汉职业技术学院,宜昌华智汽车销售服务有限公司,其他,武汉职业技术学院 中国语言文学类 宜昌华智汽车销售服务有限公司 其他,"['新媒体主管', 'PLM高级产品经理', '高级人力产品经理']"
,湖北枝江市第二高级中学,宜昌凯瑞达金属制品有限公司,制造业,湖北枝江市第二高级中学  宜昌凯瑞达金属制品有限公司 制造业,"['PLM高级产品经理', '高级人力产品经理', '产品经理']"
,三峡职业技术学院,宜昌中恒工程项目管理有限公司,科学研究和技术服务业,三峡职业技术学院  宜昌中恒工程项目管理有限公司 科学研究和技术服务业,"['PLM高级产品经理', '高级人力产品经理', '网络工程师']"
医学,湖北三峡职业技术学院,远安县中医医院,卫生和社会工作,湖北三峡职业技术学院 医学 远安县中医医院 卫生和社会工作,"['一线服务专员', 'PLM高级产品经理', '客服专员']"
其他学科,吉林建筑大学,五峰土家族自治县乡村振兴局,公共管理、社会保障和社会组织,吉林建筑大学 其他学科 五峰土家族自治县乡村振兴局 公共管理、社会保障和社会组织,"['网络工程师', '高级人力产品经理', '一线服务专员']"
其他学科,武汉商学院,宜昌城市技工学校有限公司,教育,武汉商学院 其他学科 宜昌城市技工学校有限公司 教育,"['高级人力产品经理', '销售经理', '客服专员']"
,三峡工学院,湖北昀晟新型材料有限公司,批发和零售业,三峡工学院  湖北昀晟新型材料有限公司 批发和零售业,"['高级人力产品经理', 'PLM高级产品经理', '销售经理']"
医学,2020/荆楚理工学院/口腔医学,宜昌市鑫阳人力资源服务有限公司,居民服务、修理和其他服务业,2020/荆楚理工学院/口腔医学 医学 宜昌市鑫阳人力资源服务有限公司 居民服务、修理和其他服务业,"['客服专员', '一线服务专员', '新媒体主管']"
,宜昌广播电视大学,武汉国安保安服务有限公司宜昌分公司,其他,宜昌广播电视大学  武汉国安保安服务有限公司宜昌分公司 其他,"['新媒体主管', 'PLM高级产品经理', '客服专员']"
版面编辑与校对,武汉信息传播职业技术学院,宜昌恒友化工股份有限公司,制造业,武汉信息传播职业技术学院 版面编辑与校对 宜昌恒友化工股份有限公司 制造业,"['PLM高级产品经理', '网络工程师', '高级人力产品经理']"
,三峡大学,宜昌润诚物业管理有限公司,居民服务、修理和其他服务业,三峡大学  宜昌润诚物业管理有限公司 居民服务、修理和其他服务业,"['客服专员', '一线服务专员', '高级人力产品经理']"
其他学科,三峡大学,宜昌绿源饮品科技股份有限公司,批发和零售业,三峡大学 其他学科 宜昌绿源饮品科技股份有限公司 批发和零售业,"['PLM高级产品经理', '产品经理', '高级人力产品经理']"
,湖北学校,宜昌市西陵区唐家湾社区劳动保障服务站,其他未列明国家机构,湖北学校  宜昌市西陵区唐家湾社区劳动保障服务站 其他未列明国家机构,"['一线服务专员', 'HR专员', '网络工程师']"
护理学类,三峡大学,枝江市急救中心,卫生和社会工作,三峡大学 护理学类 枝江市急救中心 卫生和社会工作,"['一线服务专员', '客服专员', 'HR专员']"
文秘与办公自动化,湖北三峡职业技术学院,宜都市神墨培训学校有限公司,教育,湖北三峡职业技术学院 文秘与办公自动化 宜都市神墨培训学校有限公司 教育,"['高级人力产品经理', 'PLM高级产品经理', '客服专员']"
其他学科,武汉铁路桥梁职业学院,湖北宇跃商贸有限公司,其他,武汉铁路桥梁职业学院 其他学科 湖北宇跃商贸有限公司 其他,"['网络工程师', '高级人力产品经理', 'PLM高级产品经理']"
建筑工程,湖北三峡职业技术学院,湖北三宁化工股份有限公司,肥料制造,湖北三峡职业技术学院 建筑工程 湖北三宁化工股份有限公司 肥料制造,"['PLM高级产品经理', '高级人力产品经理', '网络工程师']"
其他学科,国家开放大学,湖北鋆隆建设工程有限公司,建筑业,国家开放大学 其他学科 湖北鋆隆建设工程有限公司 建筑业,"['网络工程师', 'PLM高级产品经理', '一线服务专员']"
其他学科,大连海事大学,湖北环宇人力资源有限公司,居民服务、修理和其他服务业,大连海事大学 其他学科 湖北环宇人力资源有限公司 居民服务、修理和其他服务业,"['客服专员', '高级人力产品经理', '客户经理']"
其他学科,中国地质大学（武汉）,远安县招商服务中心,公共管理、社会保障和社会组织,中国地质大学（武汉） 其他学科 远安县招商服务中心 公共管理、社会保障和社会组织,"['网络工程师', '一线服务专员', '数据科学家']"
,湖北省经管学院,宜昌欣悦广告装饰有限公司,其他,湖北省经管学院  宜昌欣悦广告装饰有限公司 其他,"['新媒体主管', '客服专员', '销售经理']"
其他学科,三峡大学,湖北泰和建设集团有限公司,建筑业,三峡大学 其他学科 湖北泰和建设集团有限公司 建筑业,"['网络工程师', 'PLM高级产品经理', '高级人力产品经理']"
中药学,湖北民族大学,宜昌市夷陵区三斗坪镇卫生院,居民服务、修理和其他服务业,湖北民族大学 中药学 宜昌市夷陵区三斗坪镇卫生院 居民服务、修理和其他服务业,"['客服专员', '一线服务专员', 'PLM高级产品经理']"
测绘类,三峡大学,湖北环宇人力资源有限公司,居民服务、修理和其他服务业,三峡大学 测绘类 湖北环宇人力资源有限公司 居民服务、修理和其他服务业,"['客服专员', '高级人力产品经理', '一线服务专员']"
科技信息与管理类,江西经济管理专修学院,枝江舒风物流有限公司,其他,江西经济管理专修学院 科技信息与管理类 枝江舒风物流有限公司 其他,"['PLM高级产品经理', '高级人力产品经理', '网络工程师']"
其他学科,长江大学,湖北环亚世纪建设工程有限公司,其他,长江大学 其他学科 湖北环亚世纪建设工程有限公司 其他,"['PLM高级产品经理', '高级人力产品经理', '网络工程师']"
经济学类,武汉工商学院/2019,枝江市天汇机动车驾驶员培训有限公司,居民服务、修理和其他服务业,武汉工商学院/2019 经济学类 枝江市天汇机动车驾驶员培训有限公司 居民服务、修理和其他服务业,"['一线服务专员', '客服专员', '高级人力产品经理']"
经济学类,武汉工程职业技术学院,湖北兴润商业地产有限责任公司,房地产业,武汉工程职业技术学院 经济学类 湖北兴润商业地产有限责任公司 房地产业,"['PLM高级产品经理', '高级人力产品经理', '销售经理']"
音乐表演(二胡),武汉音乐学院,宜昌市夷陵区小溪塔街道办事处冯家湾完全小学,教育,武汉音乐学院 音乐表演(二胡) 宜昌市夷陵区小溪塔街道办事处冯家湾完全小学 教育,"['销售经理', '新媒体主管', 'PLM高级产品经理']"
其他学科,宜昌市电大五峰分校,湖北宜化化工股份有限公司,制造业,宜昌市电大五峰分校 其他学科 湖北宜化化工股份有限公司 制造业,"['PLM高级产品经理', '高级人力产品经理', '产品经理']"
护理学,2021/武汉科技大学城市学院/护理学,武汉乐一口腔门诊部有限公司枝江门诊部,居民服务、修理和其他服务业,2021/武汉科技大学城市学院/护理学 护理学 武汉乐一口腔门诊部有限公司枝江门诊部 居民服务、修理和其他服务业,"['客服专员', '新媒体主管', 'PLM高级产品经理']"
其他学科,武汉工业职业技术学院,天元（宜昌）新材料科技有限公司,其他,武汉工业职业技术学院 其他学科 天元（宜昌）新材料科技有限公司 其他,"['网络工程师', 'PLM高级产品经理', '电机结构工程师']"
其他学科,武昌理工学院,湖北华鑫光电有限公司,制造业,武昌理工学院 其他学科 湖北华鑫光电有限公司 制造业,"['PLM高级产品经理', '网络工程师', '高级人力产品经理']"
人力资源管理,湖北大学,宜昌金莱财务咨询有限公司,居民服务、修理和其他服务业,湖北大学 人力资源管理 宜昌金莱财务咨询有限公司 居民服务、修理和其他服务业,"['客服专员', '一线服务专员', '客户经理']"
教育学,长江大学,北京学而思教育科技有限公司武汉分公司,教育,长江大学 教育学 北京学而思教育科技有限公司武汉分公司 教育,"['高级人力产品经理', '销售经理', 'PLM高级产品经理']"
其他学科,三峡职业学院,宜昌市晟达保安服务有限公司,居民服务、修理和其他服务业,三峡职业学院 其他学科 宜昌市晟达保安服务有限公司 居民服务、修理和其他服务业,"['一线服务专员', '客服专员', '网络工程师']"
其他学科,湖北三峡职业技术学院,湖北环宇人力资源有限公司,居民服务、修理和其他服务业,湖北三峡职业技术学院 其他学科 湖北环宇人力资源有限公司 居民服务、修理和其他服务业,"['一线服务专员', '客服专员', '高级人力产品经理']"
其他学科,枝江市职教中心,迪斯科科技集团（宜昌）有限公司,制造业,枝江市职教中心 其他学科 迪斯科科技集团（宜昌）有限公司 制造业,"['PLM高级产品经理', '高级人力产品经理', '网络工程师']"
其他学科,武汉科技大学,国家税务总局宜昌市夷陵区税务局,公共管理、社会保障和社会组织,武汉科技大学 其他学科 国家税务总局宜昌市夷陵区税务局 公共管理、社会保障和社会组织,"['一线服务专员', '会计', '网络工程师']"
其他学科,华中农业大学,武汉智唯易才人力资源顾问有限公司宜昌分公司	,租赁和商务服务业,华中农业大学 其他学科 武汉智唯易才人力资源顾问有限公司宜昌分公司	 租赁和商务服务业,"['PLM高级产品经理', '一线服务专员', '高级人力产品经理']"
汉语语言文学,湖北大学,湖北东圣化工集团鱼林溪矿业有限公司,其他,湖北大学 汉语语言文学 湖北东圣化工集团鱼林溪矿业有限公司 其他,"['客服专员', 'PLM高级产品经理', '网络工程师']"
卫生检验与检疫,湖北中医药大学,宜昌市夷陵区疾病预防控制中心,其他未列明国家机构,湖北中医药大学 卫生检验与检疫 宜昌市夷陵区疾病预防控制中心 其他未列明国家机构,"['一线服务专员', 'PLM高级产品经理', '数据科学家']"
其他学科,三峡大学科技学院,宜都市枝城镇大堰堤小学,教育,三峡大学科技学院 其他学科 宜都市枝城镇大堰堤小学 教育,"['网络工程师', 'PLM高级产品经理', '数据科学家']"
文秘教育,广播电视大学,秭归县残疾人联合会,公共管理、社会保障和社会组织,广播电视大学 文秘教育 秭归县残疾人联合会 公共管理、社会保障和社会组织,"['新媒体主管', '客服专员', '一线服务专员']"
其他学科,13武汉纺织大学外经贸学院,湖北三宁化工股份有限公司,肥料制造,13武汉纺织大学外经贸学院 其他学科 湖北三宁化工股份有限公司 肥料制造,"['PLM高级产品经理', '高级人力产品经理', '销售经理']"
其他学科,恩施职业技术学院,宜昌宜跃机械设备有限公司,制造业,恩施职业技术学院 其他学科 宜昌宜跃机械设备有限公司 制造业,"['PLM高级产品经理', '网络工程师', '高级人力产品经理']"
其他学科,武汉商贸技术学院,湖北鑫砚胜建筑工程有限责任公司,其他,武汉商贸技术学院 其他学科 湖北鑫砚胜建筑工程有限责任公司 其他,"['网络工程师', 'PLM高级产品经理', '高级人力产品经理']"
哲学类,三峡大学,宜昌金德瑞国际酒店有限公司,其他,三峡大学 哲学类 宜昌金德瑞国际酒店有限公司 其他,"['PLM高级产品经理', '客户经理', '高级人力产品经理']"
其他学科,武汉软件职业工程学院,湖北泰盛化工有限公司,其他,武汉软件职业工程学院 其他学科 湖北泰盛化工有限公司 其他,"['PLM高级产品经理', '网络工程师', '高级人力产品经理']"
其他学科,三峡职业技术学院,湖北华盛人力资源有限公司宜昌分公司,其他,三峡职业技术学院 其他学科 湖北华盛人力资源有限公司宜昌分公司 其他,"['网络工程师', 'PLM高级产品经理', '高级人力产品经理']"
其他学科,武汉东湖学院,五峰土家族自治县乡村振兴局,公共管理、社会保障和社会组织,武汉东湖学院 其他学科 五峰土家族自治县乡村振兴局 公共管理、社会保障和社会组织,"['高级人力产品经理', 'PLM高级产品经理', '一线服务专员']"
其他学科,聊城大学,湖北兴福电子材料有限公司,制造业,聊城大学 其他学科 湖北兴福电子材料有限公司 制造业,"['高级人力产品经理', 'PLM高级产品经理', '销售经理']"
会计,武昌工学院,宜昌全金超硬工具有限公司,批发和零售业,武昌工学院 会计 宜昌全金超硬工具有限公司 批发和零售业,"['高级人力产品经理', 'PLM高级产品经理', '产品经理']"
日语,湖北民族大学,湖北宜昌前沿人力资源服务有限公司,其他,湖北民族大学 日语 湖北宜昌前沿人力资源服务有限公司 其他,"['高级人力产品经理', 'PLM高级产品经理', '客服专员']"
其他学科,大连工业大学,宜昌正大有限公司,农、林、牧、渔业,大连工业大学 其他学科 宜昌正大有限公司 农、林、牧、渔业,"['高级人力产品经理', 'PLM高级产品经理', '销售经理']"
其他学科,三峡大学,湖北鸿里里信息科技有限公司,科学研究和技术服务业,三峡大学 其他学科 湖北鸿里里信息科技有限公司 科学研究和技术服务业,"['网络工程师', '数据科学家', 'PLM高级产品经理']"
建筑工程技术,三峡大学,宜昌乃大建筑工程有限公司,建筑业,三峡大学 建筑工程技术 宜昌乃大建筑工程有限公司 建筑业,"['电机结构工程师', '网络工程师', 'PLM高级产品经理']"
道路桥梁工程技术,湖北三峡职业技术学院,宜昌市夷陵区邓村乡规划建设环境保护所,水利、环境和公共设施管理业,湖北三峡职业技术学院 道路桥梁工程技术 宜昌市夷陵区邓村乡规划建设环境保护所 水利、环境和公共设施管理业,"['网络工程师', 'PLM高级产品经理', '高级人力产品经理']"
其他学科,武汉理工大学,湖北上影文化传媒有限责任公司,其他,武汉理工大学 其他学科 湖北上影文化传媒有限责任公司 其他,"['PLM高级产品经理', '新媒体主管', '高级人力产品经理']"
其他学科,湖北第二师范学院,湖北宜都农村商业银行股份有限公司,居民服务、修理和其他服务业,湖北第二师范学院 其他学科 湖北宜都农村商业银行股份有限公司 居民服务、修理和其他服务业,"['一线服务专员', '客服专员', '客户经理']"
其他学科,中国民航大学,湖北省绿山墙英文图书有限公司,批发和零售业,中国民航大学 其他学科 湖北省绿山墙英文图书有限公司 批发和零售业,"['PLM高级产品经理', '法务专员', '会计']"
教育学类,三峡旅游职业技术学院,枝江市马家店街道办事处友谊路幼儿园,教育,三峡旅游职业技术学院 教育学类 枝江市马家店街道办事处友谊路幼儿园 教育,"['客服专员', '一线服务专员', 'HR专员']"
其他学科,江西科技师范学院,枝江市金路人力资源有限责任公司,租赁和商务服务业,江西科技师范学院 其他学科 枝江市金路人力资源有限责任公司 租赁和商务服务业,"['网络工程师', 'PLM高级产品经理', '一线服务专员']"
其他学科,武汉理工大学华夏学院,湖北稻花香酒业股份有限公司,其他,武汉理工大学华夏学院 其他学科 湖北稻花香酒业股份有限公司 其他,"['PLM高级产品经理', '高级人力产品经理', '销售经理']"
会计学,三峡职业技术学院,宜昌馨岛国际酒店管理有限公司,其他,三峡职业技术学院 会计学 宜昌馨岛国际酒店管理有限公司 其他,"['PLM高级产品经理', '会计', '高级人力产品经理']"
康复治疗技术,湖北三峡职业技术学院,宜昌市夷陵区弘仁残疾人康复中心,居民服务、修理和其他服务业,湖北三峡职业技术学院 康复治疗技术 宜昌市夷陵区弘仁残疾人康复中心 居民服务、修理和其他服务业,"['客服专员', '一线服务专员', '网络工程师']"
,华中科技大学,当阳市科学技术协会,其他未列明国家机构,华中科技大学  当阳市科学技术协会 其他未列明国家机构,"['网络工程师', 'PLM高级产品经理', '数据科学家']"
其他学科,三峡大学,枝江市董市镇大兰小学,教育,三峡大学 其他学科 枝江市董市镇大兰小学 教育,"['网络工程师', 'PLM高级产品经理', '客服专员']"
,恩施市中等职业技术学校,湖北北方医药有限公司,制造业,恩施市中等职业技术学校  湖北北方医药有限公司 制造业,"['PLM高级产品经理', '高级人力产品经理', '销售经理']"
其他学科,三峡旅游职业技术学院/2015,宜昌辉盈人力资源有限责任公司,居民服务、修理和其他服务业,三峡旅游职业技术学院/2015 其他学科 宜昌辉盈人力资源有限责任公司 居民服务、修理和其他服务业,"['一线服务专员', '客服专员', '高级人力产品经理']"
其他学科,湖北三峡职业技术学院/2017,宜昌市鑫阳人力资源服务有限公司,居民服务、修理和其他服务业,湖北三峡职业技术学院/2017 其他学科 宜昌市鑫阳人力资源服务有限公司 居民服务、修理和其他服务业,"['一线服务专员', '客服专员', '高级人力产品经理']"
其他学科,浙江大学,湖北四合空间装饰设计工程有限公司,其他,浙江大学 其他学科 湖北四合空间装饰设计工程有限公司 其他,"['PLM高级产品经理', '网络工程师', '一线服务专员']"
音乐学,武汉音乐学院,五峰众博劳务派遣服务有限公司,居民服务、修理和其他服务业,武汉音乐学院 音乐学 五峰众博劳务派遣服务有限公司 居民服务、修理和其他服务业,"['高级人力产品经理', '客服专员', '一线服务专员']"
数学与应用数学,湖南师范大学,宜昌英杰学校,教育,湖南师范大学 数学与应用数学 宜昌英杰学校 教育,"['PLM高级产品经理', '销售经理', '高级人力产品经理']"
工商管理,四川轻化工大学,平安银行股份有限公司宜昌分行,金融业,四川轻化工大学 工商管理 平安银行股份有限公司宜昌分行 金融业,"['会计', '金融分析师', 'PLM高级产品经理']"
,武汉工程大学,宜昌宏富水泥制品有限公司,其他,武汉工程大学  宜昌宏富水泥制品有限公司 其他,"['高级人力产品经理', '新媒体主管', 'PLM高级产品经理']"
护理学类,荆州创业学校,远安县中医医院,卫生和社会工作,荆州创业学校 护理学类 远安县中医医院 卫生和社会工作,"['一线服务专员', 'HR专员', '会计']"
其他学科,2017上海对外经贸大学,武汉捞派餐饮管理有限公司宜昌市国贸大厦分公司,住宿和餐饮业,2017上海对外经贸大学 其他学科 武汉捞派餐饮管理有限公司宜昌市国贸大厦分公司 住宿和餐饮业,"['高级人力产品经理', 'PLM高级产品经理', '新媒体主管']"
其他学科,三峡电力职业学院,湖北泰盛化工有限公司,其他,三峡电力职业学院 其他学科 湖北泰盛化工有限公司 其他,"['网络工程师', 'PLM高级产品经理', '电机结构工程师']"
工学,湖北交通技术学院,国闰装修工程（宜昌）有限公司,批发和零售业,湖北交通技术学院 工学 国闰装修工程（宜昌）有限公司 批发和零售业,"['PLM高级产品经理', '高级人力产品经理', '产品经理']"
机械类,武汉电力职业技术学院,宜昌邦普循环科技有限公司,科学研究和技术服务业,武汉电力职业技术学院 机械类 宜昌邦普循环科技有限公司 科学研究和技术服务业,"['网络工程师', 'PLM高级产品经理', '高级人力产品经理']"
金融学,湖北经济学院法商学院,宜昌市夷陵区东城城乡统筹发展试验区鄢家河小学,教育,湖北经济学院法商学院 金融学 宜昌市夷陵区东城城乡统筹发展试验区鄢家河小学 教育,"['会计', '金融分析师', '销售经理']"
经济学类,三峡大学,宜昌慧库信息技术有限公司,信息传输、软件和信息技术服务业,三峡大学 经济学类 宜昌慧库信息技术有限公司 信息传输、软件和信息技术服务业,"['PLM高级产品经理', '网络工程师', '数据科学家']"
畜牧兽医,湖北三峡职业技术学院/2019,湖北农信互联科技有限公司,批发和零售业,湖北三峡职业技术学院/2019 畜牧兽医 湖北农信互联科技有限公司 批发和零售业,"['高级人力产品经理', 'PLM高级产品经理', '产品经理']"
口腔医学,湖北医药学院,夷陵区妇幼保健院,卫生和社会工作,湖北医药学院 口腔医学 夷陵区妇幼保健院 卫生和社会工作,"['客服专员', '一线服务专员', 'PLM高级产品经理']"
法学,中国政法大学,宜昌烽森建材贸易有限公司,批发和零售业,中国政法大学 法学 宜昌烽森建材贸易有限公司 批发和零售业,"['法务专员', 'PLM高级产品经理', '销售经理']"
口腔医学,湖北科技学院,夷陵区妇幼保健院,卫生和社会工作,湖北科技学院 口腔医学 夷陵区妇幼保健院 卫生和社会工作,"['客服专员', '一线服务专员', 'PLM高级产品经理']"
其他学科,武汉交通职业学院继续教育学院/2016,枝江市公安局交警大队,公共管理、社会保障和社会组织,武汉交通职业学院继续教育学院/2016 其他学科 枝江市公安局交警大队 公共管理、社会保障和社会组织,"['一线服务专员', '网络工程师', 'HR专员']"
其他学科,武汉船舶职业技术学,宜昌东阳光长江药业股份有限公司,制造业,武汉船舶职业技术学 其他学科 宜昌东阳光长江药业股份有限公司 制造业,"['PLM高级产品经理', '高级人力产品经理', '网络工程师']"
食品科学与工程(食品安全与检测),华中农业大学楚天学院,宜昌市夷陵区综合行政执法指挥中心,公共管理、社会保障和社会组织,华中农业大学楚天学院 食品科学与工程(食品安全与检测) 宜昌市夷陵区综合行政执法指挥中心 公共管理、社会保障和社会组织,"['高级人力产品经理', '产品经理', 'PLM高级产品经理']"
其他学科,重庆理工大学,湖北兴福电子材料有限公司,制造业,重庆理工大学 其他学科 湖北兴福电子材料有限公司 制造业,"['PLM高级产品经理', '高级人力产品经理', '销售经理']"
其他学科,武汉交通职业学院,湖北兴福电子材料有限公司,制造业,武汉交通职业学院 其他学科 湖北兴福电子材料有限公司 制造业,"['高级人力产品经理', 'PLM高级产品经理', '销售经理']"
土建类,湖北电大,湖北三峡职业技术学院,教育,湖北电大 土建类 湖北三峡职业技术学院 教育,"['高级人力产品经理', 'PLM高级产品经理', '客服专员']"
其他学科,武汉科技大学城市学院,武汉前锦众程人力资源有限公司宜昌分公司,人力资源服务,武汉科技大学城市学院 其他学科 武汉前锦众程人力资源有限公司宜昌分公司 人力资源服务,"['高级人力产品经理', '客服专员', 'PLM高级产品经理']"
其他学科,武汉警官职业学院/2016,湖北盛荣建设集团有限公司,信息传输、软件和信息技术服务业,武汉警官职业学院/2016 其他学科 湖北盛荣建设集团有限公司 信息传输、软件和信息技术服务业,"['新媒体主管', '客服专员', 'PLM高级产品经理']"
其他学科,三峡职业技术学院,宜都市天力劳动和社会保险服务有限公司,居民服务、修理和其他服务业,三峡职业技术学院 其他学科 宜都市天力劳动和社会保险服务有限公司 居民服务、修理和其他服务业,"['一线服务专员', '网络工程师', '高级人力产品经理']"
其他学科,武汉商学院,湖北信诺企业管理咨询有限责任公司,科学研究和技术服务业,武汉商学院 其他学科 湖北信诺企业管理咨询有限责任公司 科学研究和技术服务业,"['PLM高级产品经理', '高级人力产品经理', '一线服务专员']"
,三峡职业技术学院,宜昌奥龙汽车销售服务有限公司,批发和零售业,三峡职业技术学院  宜昌奥龙汽车销售服务有限公司 批发和零售业,"['PLM高级产品经理', '高级人力产品经理', '产品经理']"
经济学类,武汉外语外事职业学院,上海外服（武汉）人力资源服务有限公司宜昌分公司,租赁和商务服务业,武汉外语外事职业学院 经济学类 上海外服（武汉）人力资源服务有限公司宜昌分公司 租赁和商务服务业,"['一线服务专员', 'PLM高级产品经理', '高级人力产品经理']"
其他学科,武汉纺织大学,湖北羽丰科技有限公司,制造业,武汉纺织大学 其他学科 湖北羽丰科技有限公司 制造业,"['PLM高级产品经理', '高级人力产品经理', '产品经理']"
临床医学与医学技术类,湖北理工学院,远安县人民医院,卫生和社会工作,湖北理工学院 临床医学与医学技术类 远安县人民医院 卫生和社会工作,"['一线服务专员', '客服专员', 'PLM高级产品经理']"
水文与水资源工程,三峡大学,宜昌钰祥人力资源服务有限公司,租赁和商务服务业,三峡大学 水文与水资源工程 宜昌钰祥人力资源服务有限公司 租赁和商务服务业,"['PLM高级产品经理', '一线服务专员', '高级人力产品经理']"
其他学科,湖北城市职业建设学院,枝江市绿洲人力资源有限公司,其他,湖北城市职业建设学院 其他学科 枝江市绿洲人力资源有限公司 其他,"['PLM高级产品经理', '一线服务专员', '高级人力产品经理']"
经济学类,襄阳职业技术学院,宜昌易桥国瑞财税咨询有限公司,租赁和商务服务业,襄阳职业技术学院 经济学类 宜昌易桥国瑞财税咨询有限公司 租赁和商务服务业,"['一线服务专员', '网络工程师', '会计']"
中医学,湖北民族学院,宜昌市夷陵医院,居民服务、修理和其他服务业,湖北民族学院 中医学 宜昌市夷陵医院 居民服务、修理和其他服务业,"['一线服务专员', '客服专员', '客户经理']"
教育学,湖北师范大学,湖北银雁科技服务有限公司,居民服务、修理和其他服务业,湖北师范大学 教育学 湖北银雁科技服务有限公司 居民服务、修理和其他服务业,"['客服专员', '高级人力产品经理', '客户经理']"
金融学,武汉学院,中国人民财产保险股份有限公司枝江支公司,其他,武汉学院 金融学 中国人民财产保险股份有限公司枝江支公司 其他,"['会计', 'PLM高级产品经理', '一线服务专员']"
护理学类,三峡大学科技学院/2019,枝江博仁疼痛专科医院,卫生和社会工作,三峡大学科技学院/2019 护理学类 枝江博仁疼痛专科医院 卫生和社会工作,"['客服专员', '新媒体主管', 'PLM高级产品经理']"
其他学科,湖北大学知行学院,宜昌智慧源企业管理有限公司,租赁和商务服务业,湖北大学知行学院 其他学科 宜昌智慧源企业管理有限公司 租赁和商务服务业,"['PLM高级产品经理', '一线服务专员', '客户经理']"
其他学科,长江职业学院,江苏维盛优服企业管理有限公司宜昌分公司,居民服务、修理和其他服务业,长江职业学院 其他学科 江苏维盛优服企业管理有限公司宜昌分公司 居民服务、修理和其他服务业,"['高级人力产品经理', '客户经理', '客服专员']"
其他学科,湖北三峡职业技术学院,湖北广盛建筑产业化科技有限公司,制造业,湖北三峡职业技术学院 其他学科 湖北广盛建筑产业化科技有限公司 制造业,"['PLM高级产品经理', '网络工程师', '高级人力产品经理']"
其他学科,秭归县职教中心,秭归县郭家坝镇人民政府,其他,秭归县职教中心 其他学科 秭归县郭家坝镇人民政府 其他,"['一线服务专员', '客服专员', '法务专员']"
,其他,湖北宝瑞迪刀具有限公司,制造业,其他  湖北宝瑞迪刀具有限公司 制造业,"['PLM高级产品经理', '高级人力产品经理', '产品经理']"
其他学科,湖北经济学院,远安县司法局,公共管理、社会保障和社会组织,湖北经济学院 其他学科 远安县司法局 公共管理、社会保障和社会组织,"['一线服务专员', '法务专员', '会计']"
管理类其他专业,湖北工业大学工程技术学院/2018,枝江市兴娅人力资源开发有限公司,其他人力资源服务,湖北工业大学工程技术学院/2018 管理类其他专业 枝江市兴娅人力资源开发有限公司 其他人力资源服务,"['高级人力产品经理', 'PLM高级产品经理', '一线服务专员']"
其他学科,15四川大学网络教育学院,湖北三宁化工股份有限公司,肥料制造,15四川大学网络教育学院 其他学科 湖北三宁化工股份有限公司 肥料制造,"['网络工程师', 'PLM高级产品经理', '数据科学家']"
其他学科,武汉体育学院体育科技学院,中科永为（武汉）科技有限公司宜昌分公司,其他,武汉体育学院体育科技学院 其他学科 中科永为（武汉）科技有限公司宜昌分公司 其他,"['网络工程师', 'PLM高级产品经理', '新媒体主管']"
其他学科,三峡电力职业学院,湖北宜昌前沿人力资源服务有限公司高新分公司	,租赁和商务服务业,三峡电力职业学院 其他学科 湖北宜昌前沿人力资源服务有限公司高新分公司	 租赁和商务服务业,"['一线服务专员', 'PLM高级产品经理', '网络工程师']"
其他学科,湖北广播电视大学,奥美医疗用品股份有限公司,制造业,湖北广播电视大学 其他学科 奥美医疗用品股份有限公司 制造业,"['PLM高级产品经理', '新媒体主管', '网络工程师']"
护理学,2012/宜昌卫生学校/护理,枝江诺美医疗美容诊所,其他,2012/宜昌卫生学校/护理 护理学 枝江诺美医疗美容诊所 其他,"['一线服务专员', '客服专员', '客户经理']"
其他学科,湖北文理学院理工学院,宜昌誉福天下农牧科技开发有限公司,科学研究和技术服务业,湖北文理学院理工学院 其他学科 宜昌誉福天下农牧科技开发有限公司 科学研究和技术服务业,"['网络工程师', 'PLM高级产品经理', '高级人力产品经理']"
其他学科,皖西卫生职业学校,夷陵区妇幼保健院,卫生和社会工作,皖西卫生职业学校 其他学科 夷陵区妇幼保健院 卫生和社会工作,"['一线服务专员', 'HR专员', '客服专员']"
网络与新媒体,湖北经济学院,东城小学,教育,湖北经济学院 网络与新媒体 东城小学 教育,"['新媒体主管', '网络工程师', '客服专员']"
其他学科,三峡大学科技学院,日立电梯（中国）有限公司宜昌分公司,其他,三峡大学科技学院 其他学科 日立电梯（中国）有限公司宜昌分公司 其他,"['网络工程师', 'PLM高级产品经理', '电机结构工程师']"
其他学科,湖北仙桃职业学院,宜昌容汇锂电新材料有限公司,制造业,湖北仙桃职业学院 其他学科 宜昌容汇锂电新材料有限公司 制造业,"['PLM高级产品经理', '高级人力产品经理', '网络工程师']"
其他学科,华中科技大学文华学院,宜昌宜博服饰有限公司,制造业,华中科技大学文华学院 其他学科 宜昌宜博服饰有限公司 制造业,"['PLM高级产品经理', '高级人力产品经理', '网络工程师']"
电气工程及其自动化,三峡大学科技学院,湖北兴瑞硅材料有限公司,批发和零售业,三峡大学科技学院 电气工程及其自动化 湖北兴瑞硅材料有限公司 批发和零售业,"['网络工程师', 'PLM高级产品经理', '高级人力产品经理']"
康复治疗学,湖北医药学院,夷陵区妇幼保健院,卫生和社会工作,湖北医药学院 康复治疗学 夷陵区妇幼保健院 卫生和社会工作,"['一线服务专员', '客服专员', 'HR专员']"
其他学科,湖北三峡职业技术学院,宜昌市丁香农场有限公司,其他,湖北三峡职业技术学院 其他学科 宜昌市丁香农场有限公司 其他,"['网络工程师', 'PLM高级产品经理', '高级人力产品经理']"
其他学科,湖北生物科技职业学院/2019,湖北宝晟得药业有限公司,制造业,湖北生物科技职业学院/2019 其他学科 湖北宝晟得药业有限公司 制造业,"['PLM高级产品经理', '高级人力产品经理', '新媒体主管']"
,中南财经政法大学,湖北楚贤律师事务所,居民服务、修理和其他服务业,中南财经政法大学  湖北楚贤律师事务所 居民服务、修理和其他服务业,"['一线服务专员', '客服专员', '客户经理']"
经济学,长江大学,枝江市经济信息化和商务局,居民服务、修理和其他服务业,长江大学 经济学 枝江市经济信息化和商务局 居民服务、修理和其他服务业,"['一线服务专员', '网络工程师', '高级人力产品经理']"
其他学科,西交利物浦大学,国家税务总局武汉市黄陂区税务局,公共管理、社会保障和社会组织,西交利物浦大学 其他学科 国家税务总局武汉市黄陂区税务局 公共管理、社会保障和社会组织,"['一线服务专员', '会计', '法务专员']"
信息与电子科学类,湖北工程学院	,宜昌市夷陵区太平溪镇中心小学,其他,湖北工程学院	 信息与电子科学类 宜昌市夷陵区太平溪镇中心小学 其他,"['网络工程师', '数据科学家', 'PLM高级产品经理']"
能源与动力工程,武汉工程大学,湖北三宁化工股份有限公司,肥料制造,武汉工程大学 能源与动力工程 湖北三宁化工股份有限公司 肥料制造,"['PLM高级产品经理', '网络工程师', '高级人力产品经理']"
农学,暨南大学,宜昌人福药业有限责任公司,制造业,暨南大学 农学 宜昌人福药业有限责任公司 制造业,"['PLM高级产品经理', '高级人力产品经理', '产品经理']"
其他学科,其他,宜都兴发化工有限公司,制造业,其他 其他学科 宜都兴发化工有限公司 制造业,"['PLM高级产品经理', '网络工程师', '高级人力产品经理']"
环境类,三峡大学科技学院环境设计,艾森乡信艺术文化发展（宜昌）有限公司,其他,三峡大学科技学院环境设计 环境类 艾森乡信艺术文化发展（宜昌）有限公司 其他,"['PLM高级产品经理', '高级人力产品经理', '网络工程师']"
其他学科,长沙理工大学城南学院,兴勤（宜昌）电子有限公司,其他,长沙理工大学城南学院 其他学科 兴勤（宜昌）电子有限公司 其他,"['网络工程师', 'PLM高级产品经理', '高级人力产品经理']"
其他学科,湖北经济学院,国家税务总局宜昌市夷陵区税务局,公共管理、社会保障和社会组织,湖北经济学院 其他学科 国家税务总局宜昌市夷陵区税务局 公共管理、社会保障和社会组织,"['会计', '一线服务专员', '法务专员']"
其他学科,长江职业学院,宜都市人来人往人力资源服务有限公司,居民服务、修理和其他服务业,长江职业学院 其他学科 宜都市人来人往人力资源服务有限公司 居民服务、修理和其他服务业,"['一线服务专员', '客服专员', 'HR专员']"
,宜都二中,宜都鑫豪汽车服务有限公司,科学研究和技术服务业,宜都二中  宜都鑫豪汽车服务有限公司 科学研究和技术服务业,"['PLM高级产品经理', '高级人力产品经理', '网络工程师']"
体育教育,华中师范大学,宜昌城市职业学校有限公司,教育,华中师范大学 体育教育 宜昌城市职业学校有限公司 教育,"['高级人力产品经理', '销售经理', '新媒体主管']"
其他学科,三峡大学,湖北兴瑞硅材料有限公司,批发和零售业,三峡大学 其他学科 湖北兴瑞硅材料有限公司 批发和零售业,"['PLM高级产品经理', '网络工程师', '高级人力产品经理']"
广播电视学,重庆大学,宜昌市夷陵区市政工程管理处,其他未列明国家机构,重庆大学 广播电视学 宜昌市夷陵区市政工程管理处 其他未列明国家机构,"['新媒体主管', '网络工程师', 'PLM高级产品经理']"
其他学科,长江大学,宜昌市夷陵区东湖初级中学,教育,长江大学 其他学科 宜昌市夷陵区东湖初级中学 教育,"['网络工程师', 'PLM高级产品经理', '客服专员']"
其他学科,湖北江汉艺术职业学院,宜昌弘洋集团有限公司,建筑业,湖北江汉艺术职业学院 其他学科 宜昌弘洋集团有限公司 建筑业,"['PLM高级产品经理', '高级人力产品经理', '网络工程师']"
英语,黄冈师范学院,湖北兴军教育咨询有限责任公司,教育,黄冈师范学院 英语 湖北兴军教育咨询有限责任公司 教育,"['客服专员', 'PLM高级产品经理', '高级人力产品经理']"
其他学科,国际开放大学,宜昌市尼克多电子科技发展有限公司,科学研究和技术服务业,国际开放大学 其他学科 宜昌市尼克多电子科技发展有限公司 科学研究和技术服务业,"['网络工程师', '数据科学家', 'PLM高级产品经理']"
体育教育,山西大学,宜昌市夷陵区东湖小学,教育,山西大学 体育教育 宜昌市夷陵区东湖小学 教育,"['销售经理', '高级人力产品经理', 'PLM高级产品经理']"
其他学科,其他,湖北羽丰科技有限公司,制造业,其他 其他学科 湖北羽丰科技有限公司 制造业,"['PLM高级产品经理', '高级人力产品经理', '一线服务专员']"
其他学科,武汉船舶职业技术学院,五峰众博劳务派遣服务有限公司,居民服务、修理和其他服务业,武汉船舶职业技术学院 其他学科 五峰众博劳务派遣服务有限公司 居民服务、修理和其他服务业,"['一线服务专员', '高级人力产品经理', '网络工程师']"
其他学科,海南医学院/2018,宜昌市西洲贸易有限公司,其他,海南医学院/2018 其他学科 宜昌市西洲贸易有限公司 其他,"['客服专员', 'PLM高级产品经理', '一线服务专员']"
其他学科,武汉文理学院,五峰土家族自治县乡村振兴局,公共管理、社会保障和社会组织,武汉文理学院 其他学科 五峰土家族自治县乡村振兴局 公共管理、社会保障和社会组织,"['高级人力产品经理', '新媒体主管', '客服专员']"
国际经济与贸易,武汉东湖学院,中国农业银行股份有限公司三峡宜昌支行,居民服务、修理和其他服务业,武汉东湖学院 国际经济与贸易 中国农业银行股份有限公司三峡宜昌支行 居民服务、修理和其他服务业,"['一线服务专员', 'PLM高级产品经理', '高级人力产品经理']"
其他学科,国内大学,当阳市玉阳办事处太子桥社区,其他未列明国家机构,国内大学 其他学科 当阳市玉阳办事处太子桥社区 其他未列明国家机构,"['网络工程师', '法务专员', '新媒体主管']"
其他学科,湖北三峡职业技术学院,宜昌壹品慧生活科技有限公司,批发和零售业,湖北三峡职业技术学院 其他学科 宜昌壹品慧生活科技有限公司 批发和零售业,"['PLM高级产品经理', '高级人力产品经理', '一线服务专员']"
工商管理类,三峡大学,宜昌南玻硅材料有限公司,其他,三峡大学 工商管理类 宜昌南玻硅材料有限公司 其他,"['PLM高级产品经理', '网络工程师', '高级人力产品经理']"
护理学类,鄂州职业大学,宜昌馨语康复医院,卫生和社会工作,鄂州职业大学 护理学类 宜昌馨语康复医院 卫生和社会工作,"['客服专员', 'HR专员', '一线服务专员']"
其他学科,武汉纺织大学,宜昌市鑫桂圆食品有限公司,制造业,武汉纺织大学 其他学科 宜昌市鑫桂圆食品有限公司 制造业,"['高级人力产品经理', 'PLM高级产品经理', '销售经理']"
其他学科,湖北医药学院药护学院,秭归县禾宁商贸有限公司,批发和零售业,湖北医药学院药护学院 其他学科 秭归县禾宁商贸有限公司 批发和零售业,"['PLM高级产品经理', '一线服务专员', '高级人力产品经理']"
经济学,湖北经济学院,小溪塔二小,教育,湖北经济学院 经济学 小溪塔二小 教育,"['金融分析师', 'PLM高级产品经理', '销售经理']"
其他学科,武汉航海职业技术学院/2018,湖北三宁化工股份有限公司,肥料制造,武汉航海职业技术学院/2018 其他学科 湖北三宁化工股份有限公司 肥料制造,"['PLM高级产品经理', '高级人力产品经理', '产品经理']"
临床医学与医学技术类,湖北医药学院药护学院/2018,宜昌市夷陵医院,居民服务、修理和其他服务业,湖北医药学院药护学院/2018 临床医学与医学技术类 宜昌市夷陵医院 居民服务、修理和其他服务业,"['客服专员', '一线服务专员', 'PLM高级产品经理']"
其他学科,武汉城市职业学院/2016,湖北三宁化工股份有限公司,肥料制造,武汉城市职业学院/2016 其他学科 湖北三宁化工股份有限公司 肥料制造,"['PLM高级产品经理', '高级人力产品经理', '产品经理']"
发电厂及电力系统,三峡电力职业学院,湖北兴瑞硅材料有限公司,批发和零售业,三峡电力职业学院 发电厂及电力系统 湖北兴瑞硅材料有限公司 批发和零售业,"['网络工程师', 'PLM高级产品经理', '高级人力产品经理']"
其他学科,武汉科技大学城市学院/2017,宜昌市美年大健康管理有限公司,租赁和商务服务业,武汉科技大学城市学院/2017 其他学科 宜昌市美年大健康管理有限公司 租赁和商务服务业,"['PLM高级产品经理', '一线服务专员', '高级人力产品经理']"
医学影像学,三峡大学,三峡大学附属仁和医院,其他,三峡大学 医学影像学 三峡大学附属仁和医院 其他,"['数据科学家', '会计', 'PLM高级产品经理']"
其他学科,西安外事学院,宜昌星燃教育咨询有限公司,租赁和商务服务业,西安外事学院 其他学科 宜昌星燃教育咨询有限公司 租赁和商务服务业,"['一线服务专员', '法务专员', '客服专员']"
,中国地质大学江城学院,伍家岗区宜城春晓幼儿园,教育,中国地质大学江城学院  伍家岗区宜城春晓幼儿园 教育,"['网络工程师', 'PLM高级产品经理', '数据科学家']"
哲学,三峡大学,上海外服（武汉）人力资源服务有限公司宜昌分公司,租赁和商务服务业,三峡大学 哲学 上海外服（武汉）人力资源服务有限公司宜昌分公司 租赁和商务服务业,"['PLM高级产品经理', '客户经理', '一线服务专员']"
其他学科,襄阳职业技术学院,湖北兴瑞硅材料有限公司,批发和零售业,襄阳职业技术学院 其他学科 湖北兴瑞硅材料有限公司 批发和零售业,"['网络工程师', 'PLM高级产品经理', '高级人力产品经理']"
其他学科,国内大学,宜昌进兴人力资源服务有限公司,租赁和商务服务业,国内大学 其他学科 宜昌进兴人力资源服务有限公司 租赁和商务服务业,"['一线服务专员', 'PLM高级产品经理', '客户经理']"
其他学科,重庆理工大学林园校区,湖北兴拓新材料科技有限公司,制造业,重庆理工大学林园校区 其他学科 湖北兴拓新材料科技有限公司 制造业,"['PLM高级产品经理', '网络工程师', '高级人力产品经理']"
财务管理,湖北工业大学工程技术学院,湖北兴瑞硅材料有限公司,批发和零售业,湖北工业大学工程技术学院 财务管理 湖北兴瑞硅材料有限公司 批发和零售业,"['PLM高级产品经理', '网络工程师', '高级人力产品经理']"
其他学科,湖北三峡职业技术学院/2016,湖北维达通科技有限公司宜昌分公司,信息传输、软件和信息技术服务业,湖北三峡职业技术学院/2016 其他学科 湖北维达通科技有限公司宜昌分公司 信息传输、软件和信息技术服务业,"['客服专员', 'PLM高级产品经理', '网络工程师']"
临床医学,三峡大学科技学院,宜昌市夷陵医院,居民服务、修理和其他服务业,三峡大学科技学院 临床医学 宜昌市夷陵医院 居民服务、修理和其他服务业,"['客服专员', '一线服务专员', '网络工程师']"
其他学科,三峡大学科技学院,五峰土家族自治县乡村振兴局,公共管理、社会保障和社会组织,三峡大学科技学院 其他学科 五峰土家族自治县乡村振兴局 公共管理、社会保障和社会组织,"['网络工程师', '高级人力产品经理', '一线服务专员']"
其他学科,武汉工程大学,湖北兴发化工集团股份有限公司,制造业,武汉工程大学 其他学科 湖北兴发化工集团股份有限公司 制造业,"['PLM高级产品经理', '网络工程师', '高级人力产品经理']"
其他学科,湖北三峡职业技术学院/2017,枝江市七星台镇卫生院(枝江市七星台镇妇幼保健计划生育服务站),卫生和社会工作,湖北三峡职业技术学院/2017 其他学科 枝江市七星台镇卫生院(枝江市七星台镇妇幼保健计划生育服务站) 卫生和社会工作,"['一线服务专员', '客服专员', 'HR专员']"
其他学科,湖北交通职业技术学院,宜都市木马人美术培训基地,教育,湖北交通职业技术学院 其他学科 宜都市木马人美术培训基地 教育,"['HR专员', '网络工程师', '一线服务专员']"
,大学,宜昌正大有限公司,农、林、牧、渔业,大学  宜昌正大有限公司 农、林、牧、渔业,"['高级人力产品经理', 'PLM高级产品经理', '销售经理']"
其他学科,武汉航海职业技术学院,枝江市爱堡家庭服务部,其他未列明国家机构,武汉航海职业技术学院 其他学科 枝江市爱堡家庭服务部 其他未列明国家机构,"['一线服务专员', '网络工程师', '法务专员']"
护理,湖北职业技术学院,远安县中医医院,卫生和社会工作,湖北职业技术学院 护理 远安县中医医院 卫生和社会工作,"['一线服务专员', '客服专员', 'HR专员']"
汉语言文学,三峡大学,宜昌市夷陵区实验小学,教育,三峡大学 汉语言文学 宜昌市夷陵区实验小学 教育,"['客服专员', 'PLM高级产品经理', '网络工程师']"
其他学科,江汉大学,湖北中南鹏力海洋探测系统工程有限公司,批发和零售业,江汉大学 其他学科 湖北中南鹏力海洋探测系统工程有限公司 批发和零售业,"['PLM高级产品经理', '高级人力产品经理', '产品经理']"
,三峡大学科技学院,湖北泰盛化工有限公司,其他,三峡大学科技学院  湖北泰盛化工有限公司 其他,"['PLM高级产品经理', '高级人力产品经理', '新媒体主管']"
其他学科,15三峡职业技术学院,宜昌安琪生物农业科技有限公司,农、林、牧、渔业,15三峡职业技术学院 其他学科 宜昌安琪生物农业科技有限公司 农、林、牧、渔业,"['高级人力产品经理', 'PLM高级产品经理', '网络工程师']"
,华中师范大学,湖北立旺食品有限公司武汉分公司,批发和零售业,华中师范大学  湖北立旺食品有限公司武汉分公司 批发和零售业,"['高级人力产品经理', '销售经理', 'PLM高级产品经理']"
其他学科,内蒙古科技大学,湖北兴瑞硅材料有限公司,批发和零售业,内蒙古科技大学 其他学科 湖北兴瑞硅材料有限公司 批发和零售业,"['PLM高级产品经理', '网络工程师', '高级人力产品经理']"
其他学科,三峡大学科技学院,湖北中家耀建设工程有限公司,建筑业,三峡大学科技学院 其他学科 湖北中家耀建设工程有限公司 建筑业,"['网络工程师', 'PLM高级产品经理', '高级人力产品经理']"
,宜昌船舶职业技术学院,宜昌楚邦建设工程有限公司,建筑业,宜昌船舶职业技术学院  宜昌楚邦建设工程有限公司 建筑业,"['电机结构工程师', 'PLM高级产品经理', '高级人力产品经理']"
会计,湖北仙桃职业技术学院,远安县诚信物业管理有限公司,居民服务、修理和其他服务业,湖北仙桃职业技术学院 会计 远安县诚信物业管理有限公司 居民服务、修理和其他服务业,"['一线服务专员', '客服专员', '高级人力产品经理']"
土建类,江汉大学文理学院,湖北兴福电子材料有限公司,制造业,江汉大学文理学院 土建类 湖北兴福电子材料有限公司 制造业,"['高级人力产品经理', 'PLM高级产品经理', '产品经理']"
其他学科,湖北汽车工业学院,湖北兴瑞硅材料有限公司,批发和零售业,湖北汽车工业学院 其他学科 湖北兴瑞硅材料有限公司 批发和零售业,"['PLM高级产品经理', '网络工程师', '高级人力产品经理']"
机械设计制造及其自动化,湖北文理学院理工学院,宜昌恒友化工股份有限公司,制造业,湖北文理学院理工学院 机械设计制造及其自动化 宜昌恒友化工股份有限公司 制造业,"['PLM高级产品经理', '电机结构工程师', '高级人力产品经理']"
其他学科,长江大学,枝江百事物流有限公司,交通运输、仓储和邮政业,长江大学 其他学科 枝江百事物流有限公司 交通运输、仓储和邮政业,"['一线服务专员', '高级人力产品经理', '网络工程师']"
